Unnamed: 0,Season,player_name,Age,Team(s),Minutes,Rotation Role,Offensive Archetype,Defensive Role,LEBRON WAR,LEBRON,O-LEBRON,D-LEBRON,archetype,year_4,year_0,year_1,year_2,contract_length,total_contract_value,average_annual_value,current_year_salary,years_remaining,salary
325.0,2024-25,Stephen Curry,36.0,GSW,2252.0,Star,Primary Ball Handler,Low Activity,7.57,2.9,3.4,-0.5,Primary Ball Handler / Low Activity,122193975.0,,,,1,122193975.0,122193975.0,122193975.0,0,122193975.0
457.0,2024-25,Jimmy Butler,35.0,MIA/GSW,1746.0,Star,Shot Creator,Wing Stopper,5.4,2.46,2.34,0.12,Shot Creator / Wing Stopper,110959223.0,,,,1,110959223.0,110959223.0,110959223.0,0,110959223.0
455.0,2024-25,Kawhi Leonard,33.0,LAC,1180.0,Star,Shot Creator,Helper,3.1,1.71,1.57,0.14,Shot Creator / Helper,100300000.0,,,,1,100300000.0,100300000.0,100300000.0,0,100300000.0
298.0,2024-25,Jordan Poole,25.0,WAS,2001.0,Starter,Primary Ball Handler,Low Activity,0.88,-1.74,0.29,-2.03,Primary Ball Handler / Low Activity,65892857.0,,,,1,65892857.0,65892857.0,65892857.0,0,65892857.0
295.0,2024-25,Tyler Herro,25.0,MIA,2725.0,Starter,Primary Ball Handler,Chaser,6.48,1.32,1.99,-0.66,Primary Ball Handler / Chaser,64000000.0,,,,1,64000000.0,64000000.0,64000000.0,0,64000000.0
278.0,2024-25,Nikola Jokić,29.0,DEN,2571.0,Star,Post Scorer,Mobile Big,13.87,6.38,5.91,0.47,Post Scorer / Mobile Big,114257640.0,62841702.0,,,2,177099342.0,88549671.0,62841702.0,1,62841702.0
394.0,2024-25,Jayson Tatum,26.0,BOS,2624.0,Star,Shot Creator,Helper,11.19,4.39,3.49,0.9,Shot Creator / Helper,242486496.0,62786682.0,67116798.0,71446914.0,4,443836890.0,110959222.5,62786682.0,3,62786682.0
276.0,2024-25,Giannis Antetokounmpo,30.0,MIL,2289.0,Star,Post Scorer,Helper,11.04,5.36,4.42,0.94,Post Scorer / Helper,112583016.0,62786682.0,,,2,175369698.0,87684849.0,62786682.0,1,62786682.0
458.0,2024-25,Anthony Davis,31.0,LAL/DAL,1706.0,Star,Shot Creator,Mobile Big,6.81,3.94,2.38,1.56,Shot Creator / Mobile Big,112583016.0,62786682.0,,,2,175369698.0,87684849.0,62786682.0,1,62786682.0
469.0,2024-25,Joel Embiid,30.0,PHI,574.0,Key Rotation,Shot Creator,Anchor Big,1.6,1.98,2.38,-0.41,Shot Creator / Anchor Big,176072526.0,62748000.0,67396000.0,,3,306216526.0,102072175.33333331,62748000.0,2,62748000.0
271.0,2024-25,Karl-Anthony Towns,29.0,NYK,2517.0,Starter,Post Scorer,Anchor Big,8.18,2.72,2.12,0.6,Post Scorer / Anchor Big,110220992.0,61015192.0,,,2,171236184.0,85618092.0,61015192.0,1,61015192.0
281.0,2024-25,Devin Booker,28.0,PHO,2795.0,Star,Primary Ball Handler,Chaser,5.15,0.48,2.95,-2.48,Primary Ball Handler / Chaser,235302136.0,61015192.0,64065952.0,69191228.0,4,429574508.0,107393627.0,61015192.0,3,61015192.0
391.0,2024-25,Jaylen Brown,28.0,BOS,2158.0,Starter,Shot Creator,Wing Stopper,5.46,1.56,1.56,0.0,Shot Creator / Wing Stopper,236187840.0,61015192.0,64951656.0,,3,362154688.0,120718229.33333331,61015192.0,2,61015192.0
400.0,2024-25,Shai Gilgeous-Alexander,26.0,OKC,2598.0,Star,Shot Creator,Helper,14.58,6.78,5.91,0.87,Shot Creator / Helper,276795400.0,61005000.0,65885400.0,70765800.0,4,474451600.0,118612900.0,61005000.0,3,61005000.0
291.0,2024-25,RJ Barrett,24.0,TOR,1869.0,Starter,Primary Ball Handler,Helper,2.23,-0.55,0.17,-0.72,Primary Ball Handler / Helper,57321428.0,,,,1,57321428.0,57321428.0,57321428.0,0,57321428.0
453.0,2024-25,Paul George,34.0,PHI,1334.0,Starter,Shot Creator,Helper,1.7,-0.42,-0.33,-0.08,Shot Creator / Helper,105792470.0,56586670.0,,,2,162379140.0,81189570.0,56586670.0,1,56586670.0
448.0,2024-25,Kevin Durant,36.0,PHO,2265.0,Star,Shot Creator,Wing Stopper,4.5,0.71,1.7,-1.0,Shot Creator / Wing Stopper,54708609.0,,,,1,54708609.0,54708609.0,54708609.0,0,54708609.0
430.0,2024-25,Cade Cunningham,23.0,DET,2452.0,Starter,Shot Creator,Helper,6.32,1.64,2.06,-0.42,Shot Creator / Helper,269085780.0,53817156.0,57528684.0,61240212.0,4,441671832.0,110417958.0,53817156.0,3,53817156.0
390.0,2024-25,Jamal Murray,27.0,DEN,2418.0,Star,Shot Creator,Chaser,5.45,1.12,1.99,-0.86,Shot Creator / Chaser,207845568.0,53817156.0,57528684.0,,3,319191408.0,106397136.0,53817156.0,2,53817156.0
431.0,2024-25,Evan Mobley,23.0,CLE,2167.0,Star,Shot Creator,Mobile Big,8.0,3.44,1.74,1.7,Shot Creator / Mobile Big,269085780.0,53817156.0,57528684.0,61240212.0,4,441671832.0,110417958.0,53817156.0,3,53817156.0
395.0,2024-25,Donovan Mitchell,28.0,CLE,2232.0,Star,Shot Creator,Chaser,8.44,3.59,3.93,-0.34,Shot Creator / Chaser,96499728.0,53817156.0,,,2,150316884.0,75158442.0,53817156.0,1,53817156.0
406.0,2024-25,Luka Dončić,25.0,DAL/LAL,1769.0,Star,Shot Creator,Helper,7.31,4.18,4.15,0.03,Shot Creator / Helper,149583660.0,53784000.0,57768000.0,,3,261135660.0,87045220.0,53784000.0,2,53784000.0
396.0,2024-25,Bam Adebayo,27.0,MIA,2674.0,Star,Shot Creator,Mobile Big,6.51,1.41,0.26,1.15,Shot Creator / Mobile Big,140680620.0,53784000.0,57768000.0,,3,252232620.0,84077540.0,53784000.0,2,53784000.0
393.0,2024-25,De'Aaron Fox,27.0,SAC/SAS,2241.0,Star,Shot Creator,Point of Attack,4.9,1.02,1.46,-0.44,Shot Creator / Point of Attack,260200620.0,53784000.0,57768000.0,61752000.0,4,433504620.0,108376155.0,53784000.0,3,53784000.0
326.0,2024-25,Bradley Beal,31.0,PHO,1702.0,Starter,Primary Ball Handler,Point of Attack,1.77,-0.79,0.14,-0.93,Primary Ball Handler / Point of Attack,53666270.0,,,,1,53666270.0,53666270.0,53666270.0,0,53666270.0
531.0,2024-25,Draymond Green,34.0,GSW,1983.0,Starter,Stationary Shooter,Mobile Big,4.31,0.99,-1.42,2.42,Stationary Shooter / Mobile Big,53571428.0,,,,1,53571428.0,53571428.0,53571428.0,0,53571428.0
470.0,2024-25,LeBron James,40.0,LAL,2444.0,Star,Shot Creator,Helper,7.29,2.28,2.62,-0.34,Shot Creator / Helper,52627153.0,,,,1,52627153.0,52627153.0,52627153.0,0,52627153.0
392.0,2024-25,Pascal Siakam,30.0,IND,2548.0,Star,Shot Creator,Helper,6.18,1.39,1.52,-0.12,Shot Creator / Helper,146773872.0,52298736.0,,,2,199072608.0,99536304.0,52298736.0,1,52298736.0
413.0,2024-25,Tyrese Haliburton,24.0,IND,2451.0,Star,Shot Creator,Low Activity,9.42,3.69,3.8,-0.11,Shot Creator / Low Activity,202446720.0,52298736.0,55672848.0,,3,310418304.0,103472768.0,52298736.0,2,52298736.0
411.0,2024-25,Anthony Edwards,23.0,MIN,2871.0,Star,Shot Creator,Helper,9.06,2.57,2.88,-0.31,Shot Creator / Helper,202446720.0,52298736.0,55672848.0,,3,310418304.0,103472768.0,52298736.0,2,52298736.0
401.0,2024-25,Jaren Jackson Jr.,25.0,MEM,2207.0,Star,Shot Creator,Mobile Big,6.23,2.03,1.27,0.76,Shot Creator / Mobile Big,186500000.0,50500000.0,52000000.0,53500000.0,4,342500000.0,85625000.0,50500000.0,3,50500000.0
252.0,2024-25,Michael Porter Jr.,26.0,DEN,2593.0,Starter,Off Screen Shooter,Low Activity,4.36,0.22,1.2,-0.98,Off Screen Shooter / Low Activity,50333050.0,,,,1,50333050.0,50333050.0,50333050.0,0,50333050.0
249.0,2024-25,Lauri Markkanen,27.0,UTA,1476.0,Starter,Off Screen Shooter,Wing Stopper,1.82,-0.49,1.11,-1.6,Off Screen Shooter / Wing Stopper,195868144.0,49824681.0,53536209.0,,3,299229034.0,99743011.33333331,49824681.0,2,49824681.0
332.0,2024-25,Domantas Sabonis,28.0,SAC,2429.0,Star,Roll + Cut Big,Mobile Big,6.89,2.05,1.59,0.47,Roll + Cut Big / Mobile Big,136416000.0,48608000.0,,,2,185024000.0,92512000.0,48608000.0,1,48608000.0
409.0,2024-25,De'Andre Hunter,27.0,ATL/CLE,1740.0,Starter,Shot Creator,Wing Stopper,2.6,-0.08,0.66,-0.74,Shot Creator / Wing Stopper,48214285.0,,,,1,48214285.0,48214285.0,48214285.0,0,48214285.0
398.0,2024-25,Miles Bridges,26.0,CHO,2029.0,Starter,Shot Creator,Wing Stopper,2.4,-0.56,0.24,-0.8,Shot Creator / Wing Stopper,47826087.0,,,,1,47826087.0,47826087.0,47826087.0,0,47826087.0
462.0,2024-25,Zach LaVine,29.0,CHI/SAC,2603.0,Starter,Shot Creator,Chaser,2.98,-0.63,0.84,-1.47,Shot Creator / Chaser,47499660.0,,,,1,47499660.0,47499660.0,47499660.0,0,47499660.0
289.0,2024-25,Trae Young,26.0,ATL,2739.0,Star,Primary Ball Handler,Low Activity,6.49,1.31,2.89,-1.58,Primary Ball Handler / Low Activity,45999660.0,,,,1,45999660.0,45999660.0,45999660.0,0,45999660.0
175.0,2024-25,OG Anunoby,27.0,NYK,2706.0,Starter,Movement Shooter,Wing Stopper,5.55,0.81,0.43,0.37,Movement Shooter / Wing Stopper,127500000.0,45431034.0,48362068.0,,3,221293102.0,73764367.33333333,45431034.0,2,45431034.0
408.0,2024-25,Ja Morant,25.0,MEM,1519.0,Star,Shot Creator,Point of Attack,3.7,1.41,2.42,-1.01,Shot Creator / Point of Attack,126499530.0,44886930.0,,,2,171386460.0,85693230.0,44886930.0,1,44886930.0
407.0,2024-25,Zion Williamson,24.0,NOP,857.0,Key Rotation,Shot Creator,Wing Stopper,2.13,1.49,2.25,-0.75,Shot Creator / Wing Stopper,126499530.0,44886930.0,,,2,171386460.0,85693230.0,44886930.0,1,44886930.0
293.0,2024-25,Darius Garland,25.0,CLE,2301.0,Starter,Primary Ball Handler,Point of Attack,7.06,2.43,3.22,-0.79,Primary Ball Handler / Point of Attack,126499530.0,44886930.0,,,2,171386460.0,85693230.0,44886930.0,1,44886930.0
427.0,2024-25,Scottie Barnes,23.0,TOR,2134.0,Starter,Shot Creator,Wing Stopper,4.11,0.6,0.13,0.47,Shot Creator / Wing Stopper,224238150.0,44847630.0,47940570.0,51033510.0,4,368059860.0,92014965.0,44847630.0,3,44847630.0
421.0,2024-25,Franz Wagner,23.0,ORL,2023.0,Starter,Shot Creator,Helper,5.14,1.58,1.66,-0.08,Shot Creator / Helper,224238150.0,44847630.0,47940570.0,51033510.0,4,368059860.0,92014965.0,44847630.0,3,44847630.0
434.0,2024-25,Paolo Banchero,22.0,ORL,1582.0,Star,Shot Creator,Helper,3.89,1.46,1.78,-0.33,Shot Creator / Helper,201254769.0,44820000.0,48140000.0,51460000.0,4,345674769.0,86418692.25,44820000.0,3,44820000.0
437.0,2024-25,Jalen Williams,23.0,OKC,2237.0,Starter,Shot Creator,Helper,8.01,3.26,2.35,0.91,Shot Creator / Helper,192500997.0,44820000.0,48140000.0,51460000.0,4,336920997.0,84230249.25,44820000.0,3,44820000.0
262.0,2024-25,Chet Holmgren,22.0,OKC,877.0,Key Rotation,Off Screen Shooter,Mobile Big,2.38,1.86,0.22,1.65,Off Screen Shooter / Mobile Big,199651368.0,44820000.0,48140000.0,51460000.0,4,344071368.0,86017842.0,44820000.0,3,44820000.0
191.0,2024-25,Cameron Johnson,28.0,BRK,1800.0,Starter,Movement Shooter,Helper,2.57,-0.18,0.95,-1.13,Movement Shooter / Helper,44119565.0,,,,1,44119565.0,44119565.0,44119565.0,0,44119565.0
299.0,2024-25,LaMelo Ball,23.0,CHO,1505.0,Star,Primary Ball Handler,Chaser,2.76,0.46,2.11,-1.65,Primary Ball Handler / Chaser,168705600.0,43582280.0,46394040.0,,3,258681920.0,86227306.66666667,43582280.0,2,43582280.0
414.0,2024-25,Tyrese Maxey,24.0,PHI,1960.0,Starter,Shot Creator,Chaser,3.63,0.49,2.26,-1.77,Shot Creator / Chaser,168705600.0,43582280.0,46394040.0,,3,258681920.0,86227306.66666667,43582280.0,2,43582280.0
397.0,2024-25,Kyle Kuzma,29.0,WAS/MIL,1936.0,Starter,Shot Creator,Helper,0.49,-2.04,-1.33,-0.71,Shot Creator / Helper,42755757.0,,,,1,42755757.0,42755757.0,42755757.0,0,42755757.0
454.0,2024-25,Kyrie Irving,32.0,DAL,1804.0,Star,Shot Creator,Chaser,3.32,0.47,1.9,-1.43,Shot Creator / Chaser,76057284.0,42416562.0,,,2,118473846.0,59236923.0,42416562.0,1,42416562.0
450.0,2024-25,James Harden,35.0,LAC,2789.0,Star,Shot Creator,Helper,10.6,3.62,2.97,0.65,Shot Creator / Helper,,42317307.0,,,1,42317307.0,42317307.0,42317307.0,0,42317307.0
416.0,2024-25,Desmond Bane,26.0,MEM,2205.0,Starter,Shot Creator,Chaser,5.26,1.33,1.44,-0.11,Shot Creator / Chaser,163225200.0,42166510.0,44886930.0,,3,250278640.0,83426213.33333333,42166510.0,2,42166510.0
387.0,2024-25,Brandon Ingram,27.0,NOP,595.0,Starter,Shot Creator,Helper,0.44,-1.27,0.07,-1.34,Shot Creator / Helper,78095238.0,41904762.0,,,2,120000000.0,60000000.0,41904762.0,1,41904762.0
176.0,2024-25,Dillon Brooks,29.0,HOU,2388.0,Starter,Movement Shooter,Wing Stopper,2.01,-1.1,-0.95,-0.16,Movement Shooter / Wing Stopper,41116837.0,,,,1,41116837.0,41116837.0,41116837.0,0,41116837.0
399.0,2024-25,Jalen Brunson,28.0,NYK,2301.0,Star,Shot Creator,Low Activity,6.2,1.83,3.19,-1.36,Shot Creator / Low Activity,113218563.0,40535041.0,43330561.0,,3,197084165.0,65694721.66666666,40535041.0,2,40535041.0
41.0,2024-25,Rudy Gobert,32.0,MIN,2388.0,Starter,Athletic Finisher,Anchor Big,6.14,1.63,-0.21,1.84,Athletic Finisher / Anchor Big,71500000.0,38000000.0,,,2,109500000.0,54750000.0,38000000.0,1,38000000.0
452.0,2024-25,Jrue Holiday,34.0,BOS,1896.0,Starter,Shot Creator,Point of Attack,3.53,0.51,-0.06,0.57,Shot Creator / Point of Attack,67200000.0,37200000.0,,,2,104400000.0,52200000.0,37200000.0,1,37200000.0
465.0,2024-25,Jerami Grant,30.0,POR,1524.0,Starter,Shot Creator,Wing Stopper,1.61,-0.76,-0.73,-0.03,Shot Creator / Wing Stopper,66206899.0,36413790.0,,,2,102620689.0,51310344.5,36413790.0,1,36413790.0
466.0,2024-25,Aaron Gordon,29.0,DEN,1447.0,Starter,Shot Creator,Wing Stopper,1.75,-0.52,0.59,-1.11,Shot Creator / Wing Stopper,92850172.0,36350680.0,39043323.0,,3,168244175.0,56081391.66666666,36350680.0,2,36350680.0
180.0,2024-25,Mikal Bridges,28.0,NYK,3036.0,Starter,Movement Shooter,Point of Attack,3.78,-0.47,0.26,-0.72,Movement Shooter / Point of Attack,133382144.0,36160714.0,38839285.0,41517856.0,4,249899999.0,62474999.75,36160714.0,3,36160714.0
417.0,2024-25,Jalen Green,22.0,HOU,2697.0,Starter,Shot Creator,Chaser,4.46,0.18,0.61,-0.44,Shot Creator / Chaser,69835665.0,36000000.0,,,2,105835665.0,52917832.5,36000000.0,1,36000000.0
468.0,2024-25,Julius Randle,30.0,MIN,2226.0,Starter,Shot Creator,Helper,4.02,0.42,1.16,-0.74,Shot Creator / Helper,64197532.0,35802468.0,,,2,100000000.0,50000000.0,35802468.0,1,35802468.0
334.0,2024-25,Deandre Ayton,26.0,POR,1206.0,Starter,Roll + Cut Big,Anchor Big,1.74,-0.16,-0.77,0.61,Roll + Cut Big / Anchor Big,35550814.0,,,,1,35550814.0,35550814.0,35550814.0,0,35550814.0
190.0,2024-25,Keldon Johnson,25.0,SAS,1838.0,Key Rotation,Movement Shooter,Helper,1.59,-1.07,0.13,-1.2,Movement Shooter / Helper,35000000.0,,,,1,35000000.0,35000000.0,35000000.0,0,35000000.0
268.0,2024-25,Klay Thompson,34.0,DAL,1965.0,Key Rotation,Off Screen Shooter,Chaser,1.71,-1.06,0.42,-1.47,Off Screen Shooter / Chaser,34126984.0,,,,1,34126984.0,34126984.0,34126984.0,0,34126984.0
460.0,2024-25,Khris Middleton,33.0,MIL/WAS,843.0,Key Rotation,Shot Creator,Helper,1.54,0.45,0.39,0.06,Shot Creator / Helper,33296296.0,,,,1,33296296.0,33296296.0,33296296.0,0,33296296.0
188.0,2024-25,Max Strus,28.0,CLE,1273.0,Starter,Movement Shooter,Wing Stopper,1.99,0.04,0.35,-0.31,Movement Shooter / Wing Stopper,32597288.0,,,,1,32597288.0,32597288.0,32597288.0,0,32597288.0
287.0,2024-25,Derrick White,30.0,BOS,2574.0,Starter,Primary Ball Handler,Chaser,8.16,2.59,1.67,0.92,Primary Ball Handler / Chaser,91044000.0,32596000.0,34844000.0,,3,158484000.0,52828000.0,32596000.0,2,32596000.0
302.0,2024-25,Immanuel Quickley,25.0,TOR,918.0,Starter,Primary Ball Handler,Chaser,1.92,0.86,1.92,-1.06,Primary Ball Handler / Chaser,130000000.0,32500000.0,32500000.0,,3,195000000.0,65000000.0,32500000.0,2,32500000.0
389.0,2024-25,Dejounte Murray,28.0,NOP,1012.0,Starter,Shot Creator,Point of Attack,1.71,0.24,0.27,-0.03,Shot Creator / Point of Attack,63586174.0,30751504.0,,,2,94337678.0,47168839.0,30751504.0,1,30751504.0
567.0,2024-25,Kristaps Porziņģis,29.0,BOS,1210.0,Star,Versatile Big,Anchor Big,4.23,3.12,2.14,0.97,Versatile Big / Anchor Big,30731707.0,,,,1,30731707.0,30731707.0,30731707.0,0,30731707.0
328.0,2024-25,CJ McCollum,33.0,NOP,1832.0,Starter,Primary Ball Handler,Chaser,0.59,-1.93,0.54,-2.47,Primary Ball Handler / Chaser,30666666.0,,,,1,30666666.0,30666666.0,30666666.0,0,30666666.0
442.0,2024-25,Victor Wembanyama,21.0,SAS,1527.0,Star,Shot Creator,Mobile Big,5.97,3.8,1.45,2.35,Shot Creator / Mobile Big,30245126.0,,,,1,30245126.0,30245126.0,30245126.0,0,30245126.0
3.0,2024-25,Jarrett Allen,26.0,CLE,2296.0,Star,Athletic Finisher,Mobile Big,8.06,3.14,1.36,1.78,Athletic Finisher / Mobile Big,110720000.0,30240000.0,32480000.0,,3,173440000.0,57813333.333333336,30240000.0,2,30240000.0
306.0,2024-25,Jalen Johnson,23.0,ATL,1284.0,Starter,Primary Ball Handler,Wing Stopper,2.71,0.9,-0.03,0.93,Primary Ball Handler / Wing Stopper,150000000.0,30000000.0,30000000.0,30000000.0,4,240000000.0,60000000.0,30000000.0,3,30000000.0
310.0,2024-25,Jalen Suggs,23.0,ORL,1002.0,Starter,Primary Ball Handler,Point of Attack,1.79,0.39,-0.04,0.44,Primary Ball Handler / Point of Attack,123800000.0,29600000.0,26800000.0,26700000.0,4,206900000.0,51725000.0,29600000.0,3,29600000.0
197.0,2024-25,Trey Murphy III,24.0,NOP,1854.0,Starter,Movement Shooter,Wing Stopper,1.74,-0.95,0.61,-1.57,Movement Shooter / Wing Stopper,112000000.0,29000000.0,31000000.0,,3,172000000.0,57333333.333333336,29000000.0,2,29000000.0
388.0,2024-25,Caris LeVert,30.0,CLE/ATL,1596.0,Key Rotation,Shot Creator,Chaser,2.75,0.28,0.44,-0.16,Shot Creator / Chaser,28913200.0,,,,1,28913200.0,28913200.0,28913200.0,0,28913200.0
472.0,2024-25,Isaiah Hartenstein,26.0,OKC,1590.0,Starter,Slasher,Mobile Big,4.53,2.08,0.05,2.03,Slasher / Mobile Big,28500000.0,,,,1,28500000.0,28500000.0,28500000.0,0,28500000.0
256.0,2024-25,Josh Green,24.0,CHO,1887.0,Starter,Off Screen Shooter,Point of Attack,-1.66,-3.89,-3.45,-0.44,Off Screen Shooter / Point of Attack,28345679.0,,,,1,28345679.0,28345679.0,28345679.0,0,28345679.0
383.0,2024-25,Andrew Wiggins,29.0,GSW/MIA,1842.0,Starter,Secondary Ball Handler,Wing Stopper,2.92,0.07,0.26,-0.19,Secondary Ball Handler / Wing Stopper,28223215.0,,,,1,28223215.0,28223215.0,28223215.0,0,28223215.0
493.0,2024-25,Jaden McDaniels,24.0,MIN,2614.0,Starter,Stationary Shooter,Point of Attack,5.17,0.69,-0.59,1.28,Stationary Shooter / Point of Attack,108413793.0,28006898.0,29813790.0,,3,166234481.0,55411493.66666666,28006898.0,2,28006898.0
193.0,2024-25,Grant Williams,26.0,CHO,479.0,Starter,Movement Shooter,Anchor Big,0.4,-1.12,-1.97,0.85,Movement Shooter / Anchor Big,27911250.0,,,,1,27911250.0,27911250.0,27911250.0,0,27911250.0
561.0,2024-25,Myles Turner,28.0,IND,2174.0,Star,Versatile Big,Mobile Big,5.3,1.42,0.15,1.27,Versatile Big / Mobile Big,79752492.0,27850077.0,29115990.0,,3,136718559.0,45572853.0,27850077.0,2,27850077.0
404.0,2024-25,Anfernee Simons,25.0,POR,2292.0,Starter,Shot Creator,Low Activity,2.77,-0.52,1.05,-1.57,Shot Creator / Low Activity,27678571.0,,,,1,27678571.0,27678571.0,27678571.0,0,27678571.0
333.0,2024-25,Jakob Poeltl,29.0,TOR,1686.0,Starter,Roll + Cut Big,Mobile Big,2.74,0.13,-1.08,1.21,Roll + Cut Big / Mobile Big,95784000.0,27300000.0,29484000.0,27300000.0,4,179868000.0,44967000.0,27300000.0,3,27300000.0
316.0,2024-25,Brandon Miller,22.0,CHO,924.0,Starter,Primary Ball Handler,Helper,0.97,-0.77,0.03,-0.81,Primary Ball Handler / Helper,27073426.0,,,,1,27073426.0,27073426.0,27073426.0,0,27073426.0
283.0,2024-25,Terry Rozier,30.0,MIA,1658.0,Key Rotation,Primary Ball Handler,Point of Attack,1.31,-1.19,-0.83,-0.36,Primary Ball Handler / Point of Attack,26643031.0,,,,1,26643031.0,26643031.0,26643031.0,0,26643031.0
456.0,2024-25,Tobias Harris,32.0,DET,2306.0,Starter,Shot Creator,Helper,3.92,0.25,-0.65,0.9,Shot Creator / Helper,26634146.0,,,,1,26634146.0,26634146.0,26634146.0,0,26634146.0
2.0,2024-25,John Collins,27.0,UTA,1220.0,Starter,Athletic Finisher,Helper,1.71,-0.23,-0.17,-0.06,Athletic Finisher / Helper,26580000.0,,,,1,26580000.0,26580000.0,26580000.0,0,26580000.0
285.0,2024-25,Fred VanVleet,30.0,HOU,2113.0,Star,Primary Ball Handler,Point of Attack,4.85,1.19,0.49,0.7,Primary Ball Handler / Point of Attack,25000000.0,,,,1,25000000.0,25000000.0,25000000.0,0,25000000.0
192.0,2024-25,Naz Reid,25.0,MIN,2200.0,Starter,Movement Shooter,Helper,5.27,1.35,0.57,0.78,Movement Shooter / Helper,96551724.0,25000000.0,26724138.0,28448276.0,4,176724138.0,44181034.5,25000000.0,3,25000000.0
308.0,2024-25,Josh Giddey,22.0,CHI,2117.0,Starter,Primary Ball Handler,Helper,4.94,1.25,0.89,0.36,Primary Ball Handler / Helper,100000000.0,25000000.0,25000000.0,,3,150000000.0,50000000.0,25000000.0,2,25000000.0
10.0,2024-25,Brandon Clarke,28.0,MEM,1207.0,Rotation,Athletic Finisher,Mobile Big,2.09,0.3,-0.38,0.67,Athletic Finisher / Mobile Big,25000000.0,,,,1,25000000.0,25000000.0,25000000.0,0,25000000.0
361.0,2024-25,Devin Vassell,24.0,SAS,1983.0,Starter,Secondary Ball Handler,Chaser,1.89,-0.93,-0.19,-0.74,Secondary Ball Handler / Chaser,105652174.0,24652174.0,27000000.0,,3,157304348.0,52434782.66666666,24652174.0,2,24652174.0
451.0,2024-25,DeMar DeRozan,35.0,SAC,2768.0,Starter,Shot Creator,Low Activity,5.36,0.62,1.36,-0.74,Shot Creator / Low Activity,24570000.0,,,,1,24570000.0,24570000.0,24570000.0,0,24570000.0
250.0,2024-25,Donte DiVincenzo,28.0,MIN,1606.0,Key Rotation,Off Screen Shooter,Chaser,3.34,0.85,0.84,0.0,Off Screen Shooter / Chaser,24525000.0,,,,1,24525000.0,24525000.0,24525000.0,0,24525000.0
433.0,2024-25,Scoot Henderson,20.0,POR,1759.0,Key Rotation,Shot Creator,Chaser,1.68,-0.93,-0.31,-0.61,Shot Creator / Chaser,24333563.0,,,,1,24333563.0,24333563.0,24333563.0,0,24333563.0
425.0,2024-25,Davion Mitchell,26.0,TOR/MIA,2027.0,Key Rotation,Shot Creator,Point of Attack,1.1,-1.58,-1.77,0.19,Shot Creator / Point of Attack,24000000.0,,,,1,24000000.0,24000000.0,24000000.0,0,24000000.0
543.0,2024-25,Isaac Okoro,24.0,CLE,1053.0,Key Rotation,Stretch Big,Point of Attack,1.07,-0.83,-0.89,0.06,Stretch Big / Point of Attack,22814814.0,,,,1,22814814.0,22814814.0,22814814.0,0,22814814.0
418.0,2024-25,Jonathan Kuminga,22.0,GSW,1144.0,Key Rotation,Shot Creator,Wing Stopper,1.87,0.15,0.26,-0.11,Shot Creator / Wing Stopper,22500000.0,,,,1,22500000.0,22500000.0,22500000.0,0,22500000.0
288.0,2024-25,Josh Hart,29.0,NYK,2897.0,Starter,Primary Ball Handler,Helper,7.13,1.45,0.41,1.05,Primary Ball Handler / Helper,40396000.0,22375280.0,,,2,62771280.0,31385640.0,22375280.0,1,22375280.0
492.0,2024-25,Aaron Nesmith,25.0,IND,1123.0,Key Rotation,Stationary Shooter,Wing Stopper,1.37,-0.51,-0.27,-0.24,Stationary Shooter / Wing Stopper,22000000.0,,,,1,22000000.0,22000000.0,22000000.0,0,22000000.0
27.0,2024-25,Amen Thompson,22.0,HOU,2225.0,Starter,Athletic Finisher,Point of Attack,5.64,1.57,-0.19,1.76,Athletic Finisher / Point of Attack,21949209.0,,,,1,21949209.0,21949209.0,21949209.0,0,21949209.0
503.0,2024-25,Jabari Smith Jr.,21.0,HOU,1716.0,Key Rotation,Stationary Shooter,Helper,2.05,-0.55,-1.02,0.47,Stationary Shooter / Helper,106924037.0,21751940.0,23643411.0,25534883.0,4,177854271.0,44463567.75,21751940.0,3,21751940.0
269.0,2024-25,Kentavious Caldwell-Pope,31.0,ORL,2279.0,Starter,Off Screen Shooter,Wing Stopper,1.69,-1.26,-2.07,0.81,Off Screen Shooter / Wing Stopper,21621500.0,,,,1,21621500.0,21621500.0,21621500.0,0,21621500.0
382.0,2024-25,Marcus Smart,30.0,MEM/WAS,680.0,Key Rotation,Secondary Ball Handler,Wing Stopper,0.93,-0.28,-0.05,-0.22,Secondary Ball Handler / Wing Stopper,21586855.0,,,,1,21586855.0,21586855.0,21586855.0,0,21586855.0
286.0,2024-25,Malik Monk,26.0,SAC,2054.0,Key Rotation,Primary Ball Handler,Chaser,3.87,0.54,0.82,-0.28,Primary Ball Handler / Chaser,38987654.0,21582451.0,,,2,60570105.0,30285052.5,21582451.0,1,21582451.0
565.0,2024-25,Nikola Vučević,34.0,CHI,2278.0,Starter,Versatile Big,Mobile Big,5.11,1.11,1.16,-0.05,Versatile Big / Mobile Big,21481481.0,,,,1,21481481.0,21481481.0,21481481.0,0,21481481.0
405.0,2024-25,P.J. Washington,26.0,DAL,1835.0,Starter,Shot Creator,Wing Stopper,2.2,-0.54,-0.87,0.33,Shot Creator / Wing Stopper,102914614.0,21398088.0,22983132.0,24568176.0,4,171864010.0,42966002.5,21398088.0,3,21398088.0
48.0,2024-25,Alex Caruso,30.0,OKC,1041.0,Rotation,Low Minute,Wing Stopper,2.68,1.64,0.01,1.64,Low Minute / Wing Stopper,81096960.0,20998320.0,22446480.0,,3,124541760.0,41513920.0,20998320.0,2,20998320.0
290.0,2024-25,Andrew Nembhard,25.0,IND,1881.0,Starter,Primary Ball Handler,Point of Attack,2.23,-0.56,-0.66,0.09,Primary Ball Handler / Point of Attack,58650480.0,20998320.0,,,2,79648800.0,39824400.0,20998320.0,1,20998320.0
272.0,2024-25,Ivica Zubac,27.0,LAC,2624.0,Starter,Post Scorer,Anchor Big,8.34,2.6,0.85,1.76,Post Scorer / Anchor Big,58650480.0,20998320.0,,,2,79648800.0,39824400.0,20998320.0,1,20998320.0
337.0,2024-25,Nic Claxton,25.0,BRK,1880.0,Key Rotation,Roll + Cut Big,Mobile Big,2.08,-0.68,-1.82,1.13,Roll + Cut Big / Mobile Big,69443183.0,20943184.0,,,2,90386367.0,45193183.5,20943184.0,1,20943184.0
497.0,2024-25,Herbert Jones,26.0,NOP,648.0,Starter,Stationary Shooter,Wing Stopper,0.25,-1.84,-2.05,0.21,Stationary Shooter / Wing Stopper,72221624.0,20858300.0,22526964.0,24195628.0,4,139802516.0,34950629.0,20858300.0,3,20858300.0
352.0,2024-25,Norman Powell,31.0,LAC,1958.0,Starter,Secondary Ball Handler,Chaser,4.06,0.84,1.28,-0.45,Secondary Ball Handler / Chaser,20482758.0,,,,1,20482758.0,20482758.0,20482758.0,0,20482758.0
479.0,2024-25,Derrick Jones Jr.,27.0,LAC,1873.0,Key Rotation,Stationary Shooter,Point of Attack,2.52,-0.31,-0.79,0.48,Stationary Shooter / Point of Attack,20476190.0,,,,1,20476190.0,20476190.0,20476190.0,0,20476190.0
348.0,2024-25,Ausar Thompson,22.0,DET,1328.0,Key Rotation,Roll + Cut Big,Point of Attack,3.08,1.23,-0.32,1.55,Roll + Cut Big / Point of Attack,19892925.0,,,,1,19892925.0,19892925.0,19892925.0,0,19892925.0
540.0,2024-25,Wendell Carter Jr.,25.0,ORL,1758.0,Starter,Stretch Big,Mobile Big,2.68,-0.03,-1.17,1.14,Stretch Big / Mobile Big,48502160.0,19550160.0,20998320.0,,3,89050640.0,29683546.666666668,19550160.0,2,19550160.0
277.0,2024-25,Jusuf Nurkić,30.0,PHO/CHO,1063.0,Rotation,Post Scorer,Anchor Big,2.34,1.04,-0.54,1.58,Post Scorer / Anchor Big,19375000.0,,,,1,19375000.0,19375000.0,19375000.0,0,19375000.0
179.0,2024-25,Grayson Allen,29.0,PHO,1544.0,Key Rotation,Movement Shooter,Chaser,2.11,-0.27,0.38,-0.66,Movement Shooter / Chaser,35000000.0,19375000.0,,,2,54375000.0,27187500.0,19375000.0,1,19375000.0
459.0,2024-25,Harrison Barnes,32.0,SAS,2228.0,Starter,Shot Creator,Helper,1.04,-1.7,0.03,-1.74,Shot Creator / Helper,19000000.0,,,,1,19000000.0,19000000.0,19000000.0,0,19000000.0
403.0,2024-25,Collin Sexton,26.0,UTA,1758.0,Starter,Shot Creator,Chaser,0.59,-1.91,0.5,-2.41,Shot Creator / Chaser,18975000.0,,,,1,18975000.0,18975000.0,18975000.0,0,18975000.0
544.0,2024-25,Jalen Smith,24.0,CHI,962.0,Rotation,Stretch Big,Mobile Big,2.66,1.94,1.07,0.87,Stretch Big / Mobile Big,18428571.0,,,,1,18428571.0,18428571.0,18428571.0,0,18428571.0
494.0,2024-25,Naji Marshall,27.0,DAL,1919.0,Key Rotation,Stationary Shooter,Helper,1.79,-0.96,-0.15,-0.82,Stationary Shooter / Helper,18428571.0,,,,1,18428571.0,18428571.0,18428571.0,0,18428571.0
484.0,2024-25,Rui Hachimura,26.0,LAL,1869.0,Starter,Stationary Shooter,Wing Stopper,2.13,-0.63,-0.43,-0.2,Stationary Shooter / Wing Stopper,18259259.0,,,,1,18259259.0,18259259.0,18259259.0,0,18259259.0
488.0,2024-25,Luguentz Dort,25.0,OKC,2073.0,Starter,Stationary Shooter,Point of Attack,3.86,0.51,-0.27,0.78,Stationary Shooter / Point of Attack,18222222.0,,,,1,18222222.0,18222222.0,18222222.0,0,18222222.0
338.0,2024-25,Daniel Gafford,26.0,DAL,1226.0,Rotation,Roll + Cut Big,Mobile Big,3.29,1.81,0.65,1.16,Roll + Cut Big / Mobile Big,68766609.0,18126763.0,18989942.0,,3,105883314.0,35294438.0,18126763.0,2,18126763.0
537.0,2024-25,Zach Collins,27.0,SAS/CHI,976.0,Rotation,Stretch Big,Mobile Big,1.75,0.4,-0.29,0.69,Stretch Big / Mobile Big,18080496.0,,,,1,18080496.0,18080496.0,18080496.0,0,18080496.0
317.0,2024-25,Anthony Black,21.0,ORL,1887.0,Key Rotation,Primary Ball Handler,Point of Attack,1.97,-0.78,-1.75,0.96,Primary Ball Handler / Point of Attack,18076596.0,,,,1,18076596.0,18076596.0,18076596.0,0,18076596.0
194.0,2024-25,Patrick Williams,23.0,CHI,1576.0,Key Rotation,Movement Shooter,Wing Stopper,0.83,-1.61,-1.57,-0.04,Movement Shooter / Wing Stopper,54000000.0,18000000.0,18000000.0,,3,90000000.0,30000000.0,18000000.0,2,18000000.0
181.0,2024-25,Kevin Huerter,26.0,SAC/CHI,1679.0,Rotation,Movement Shooter,Chaser,2.13,-0.43,-0.41,-0.02,Movement Shooter / Chaser,17991071.0,,,,1,17991071.0,17991071.0,17991071.0,0,17991071.0
237.0,2024-25,Zaccharie Risacher,19.0,ATL,1843.0,Key Rotation,Movement Shooter,Helper,1.07,-1.52,-0.75,-0.78,Movement Shooter / Helper,27023760.0,17434637.0,,,2,44458397.0,22229198.5,17434637.0,1,17434637.0
203.0,2024-25,Santi Aldama,24.0,MEM,1660.0,Starter,Movement Shooter,Helper,3.87,1.25,1.17,0.08,Movement Shooter / Helper,35492959.0,17007043.0,,,2,52500002.0,26250001.0,17007043.0,1,17007043.0
339.0,2024-25,Onyeka Okongwu,24.0,ATL,2064.0,Starter,Roll + Cut Big,Mobile Big,4.61,1.09,0.33,0.76,Roll + Cut Big / Mobile Big,48000000.0,16880000.0,,,2,64880000.0,32440000.0,16880000.0,1,16880000.0
371.0,2024-25,Bilal Coulibaly,20.0,WAS,1948.0,Starter,Secondary Ball Handler,Point of Attack,-1.04,-3.32,-2.46,-0.86,Secondary Ball Handler / Point of Attack,16515612.0,,,,1,16515612.0,16515612.0,16515612.0,0,16515612.0
562.0,2024-25,Obi Toppin,26.0,IND,1545.0,Key Rotation,Versatile Big,Helper,2.98,0.61,0.87,-0.26,Versatile Big / Helper,45025000.0,16025000.0,,,2,61050000.0,30525000.0,16025000.0,1,16025000.0
246.0,2024-25,Bogdan Bogdanović,32.0,ATL/LAC,1348.0,Starter,Movement Shooter,Chaser,1.44,-0.75,-0.31,-0.44,Movement Shooter / Chaser,16020000.0,,,,1,16020000.0,16020000.0,16020000.0,0,16020000.0
187.0,2024-25,Terance Mann,28.0,LAC/ATL,1414.0,Rotation,Movement Shooter,Chaser,1.06,-1.25,-0.86,-0.38,Movement Shooter / Chaser,47000000.0,16000000.0,,,2,63000000.0,31500000.0,16000000.0,1,16000000.0
335.0,2024-25,Goga Bitadze,25.0,ORL,1430.0,Rotation,Roll + Cut Big,Mobile Big,3.86,1.84,-0.73,2.57,Roll + Cut Big / Mobile Big,15942029.0,,,,1,15942029.0,15942029.0,15942029.0,0,15942029.0
557.0,2024-25,Alex Sarr,19.0,WAS,1814.0,Starter,Stretch Big,Mobile Big,0.49,-2.02,-1.65,-0.37,Stretch Big / Mobile Big,24178920.0,15611798.0,,,2,39790718.0,19895359.0,15611798.0,1,15611798.0
385.0,2024-25,Bobby Portis,29.0,MIL,1244.0,Key Rotation,Shot Creator,Mobile Big,2.42,0.64,0.23,0.41,Shot Creator / Mobile Big,27967168.0,15597074.0,,,2,43564242.0,21782121.0,15597074.0,1,15597074.0
461.0,2024-25,Dennis Schröder,31.0,BRK/GSW/DET,2106.0,Key Rotation,Shot Creator,Point of Attack,2.94,-0.23,0.3,-0.53,Shot Creator / Point of Attack,28913200.0,15514400.0,,,2,44427600.0,22213800.0,15514400.0,1,15514400.0
294.0,2024-25,Nickeil Alexander-Walker,26.0,MIN,2073.0,Key Rotation,Primary Ball Handler,Point of Attack,2.68,-0.39,-0.43,0.04,Primary Ball Handler / Point of Attack,44727310.0,15161800.0,15919890.0,,3,75809000.0,25269666.666666668,15161800.0,2,15161800.0
254.0,2024-25,Duncan Robinson,30.0,MIA,1786.0,Key Rotation,Off Screen Shooter,Low Activity,1.6,-1.02,-0.36,-0.66,Off Screen Shooter / Low Activity,16834692.0,15151222.0,,,2,31985914.0,15992957.0,15151222.0,1,15151222.0
226.0,2024-25,Jarace Walker,21.0,IND,1187.0,Rotation,Movement Shooter,Helper,1.41,-0.56,-1.39,0.83,Movement Shooter / Helper,15144062.0,,,,1,15144062.0,15144062.0,15144062.0,0,15144062.0
341.0,2024-25,Isaiah Stewart,23.0,DET,1434.0,Rotation,Roll + Cut Big,Mobile Big,2.43,0.24,-1.81,2.05,Roll + Cut Big / Mobile Big,30000000.0,15000000.0,,,2,45000000.0,22500000.0,15000000.0,1,15000000.0
536.0,2024-25,Jonathan Isaac,27.0,ORL,1090.0,Rotation,Stretch Big,Helper,3.27,2.31,-0.24,2.55,Stretch Big / Helper,44000000.0,14500000.0,15000000.0,,3,73500000.0,24500000.0,14500000.0,2,14500000.0
463.0,2024-25,Jordan Clarkson,32.0,UTA,962.0,Key Rotation,Shot Creator,Chaser,1.12,-0.59,0.85,-1.44,Shot Creator / Chaser,14285714.0,,,,1,14285714.0,14285714.0,14285714.0,0,14285714.0
327.0,2024-25,Damian Lillard,34.0,MIL,2093.0,Star,Primary Ball Handler,Low Activity,6.4,2.41,3.33,-0.93,Primary Ball Handler / Low Activity,54126450.0,14104000.0,,,2,68230450.0,34115225.0,14104000.0,1,14104000.0
375.0,2024-25,Reed Sheppard,20.0,HOU,653.0,Rotation,Secondary Ball Handler,Chaser,0.5,-1.24,-1.58,0.34,Secondary Ball Handler / Chaser,21712440.0,14041625.0,,,2,35754065.0,17877032.5,14041625.0,1,14041625.0
307.0,2024-25,Austin Reaves,26.0,LAL,2550.0,Starter,Primary Ball Handler,Chaser,6.16,1.38,2.06,-0.68,Primary Ball Handler / Chaser,13937574.0,,,,1,13937574.0,13937574.0,13937574.0,0,13937574.0
108.0,2024-25,Taylor Hendricks,21.0,UTA,75.0,Too Few Games,Low Minute,Point of Attack,0.14,0.47,-0.24,0.71,Low Minute / Point of Attack,13932980.0,,,,1,13932980.0,13932980.0,13932980.0,0,13932980.0
275.0,2024-25,Kelly Olynyk,33.0,TOR/NOP,891.0,Rotation,Post Scorer,Helper,1.24,-0.24,-0.62,0.38,Post Scorer / Helper,13445122.0,,,,1,13445122.0,13445122.0,13445122.0,0,13445122.0
259.0,2024-25,Moses Moody,22.0,GSW,1649.0,Key Rotation,Off Screen Shooter,Chaser,2.33,-0.21,-0.57,0.36,Off Screen Shooter / Chaser,37500000.0,13425925.0,,,2,50925925.0,25462962.5,13425925.0,1,13425925.0
478.0,2024-25,Dorian Finney-Smith,31.0,BRK/LAL,1821.0,Key Rotation,Stationary Shooter,Wing Stopper,1.14,-1.45,-1.35,-0.1,Stationary Shooter / Wing Stopper,39370000.0,13335000.0,13335000.0,,3,66040000.0,22013333.33333333,13335000.0,2,13335000.0
7.0,2024-25,Jarred Vanderbilt,25.0,LAL,581.0,Rotation,Athletic Finisher,Helper,0.85,-0.13,-1.26,1.13,Athletic Finisher / Helper,24000000.0,13285714.0,,,2,37285714.0,18642857.0,13285714.0,1,13285714.0
509.0,2024-25,Cason Wallace,21.0,OKC,1876.0,Starter,Stationary Shooter,Point of Attack,3.84,0.79,-0.51,1.31,Stationary Shooter / Point of Attack,13241046.0,,,,1,13241046.0,13241046.0,13241046.0,0,13241046.0
301.0,2024-25,Cole Anthony,24.0,ORL,1234.0,Rotation,Primary Ball Handler,Point of Attack,1.86,-0.06,-0.26,0.21,Primary Ball Handler / Point of Attack,13100000.0,,,,1,13100000.0,13100000.0,13100000.0,0,13100000.0
261.0,2024-25,Corey Kispert,25.0,WAS,1602.0,Key Rotation,Off Screen Shooter,Low Activity,-0.84,-3.3,-1.53,-1.77,Off Screen Shooter / Low Activity,41000000.0,13050000.0,13050000.0,,3,67100000.0,22366666.666666668,13050000.0,2,13050000.0
6.0,2024-25,Mitchell Robinson,26.0,NYK,290.0,Rotation,Athletic Finisher,Mobile Big,0.52,0.38,-0.66,1.04,Athletic Finisher / Mobile Big,12954546.0,,,,1,12954546.0,12954546.0,12954546.0,0,12954546.0
292.0,2024-25,Coby White,24.0,CHI,2450.0,Starter,Primary Ball Handler,Chaser,3.52,-0.17,0.96,-1.12,Primary Ball Handler / Chaser,12888889.0,,,,1,12888889.0,12888889.0,12888889.0,0,12888889.0
445.0,2024-25,Stephon Castle,20.0,SAS,2162.0,Key Rotation,Shot Creator,Point of Attack,1.16,-1.59,0.0,-1.59,Shot Creator / Point of Attack,19576440.0,12670139.0,,,2,32246579.0,16123289.5,12670139.0,1,12670139.0
28.0,2024-25,Dereck Lively II,20.0,DAL,833.0,Key Rotation,Athletic Finisher,Mobile Big,1.86,1.09,-0.47,1.56,Athletic Finisher / Mobile Big,12492491.0,,,,1,12492491.0,12492491.0,12492491.0,0,12492491.0
60.0,2024-25,John Konchar,28.0,MEM,558.0,Rotation,Low Minute,Chaser,0.74,-0.35,-1.88,1.53,Low Minute / Chaser,12330000.0,,,,1,12330000.0,12330000.0,12330000.0,0,12330000.0
264.0,2024-25,Gradey Dick,21.0,TOR,1587.0,Starter,Off Screen Shooter,Chaser,0.24,-2.21,-1.25,-0.96,Off Screen Shooter / Chaser,12122071.0,,,,1,12122071.0,12122071.0,12122071.0,0,12122071.0
217.0,2024-25,Jake LaRavia,23.0,MEM/SAC,1349.0,Key Rotation,Movement Shooter,Helper,1.56,-0.61,-0.94,0.33,Movement Shooter / Helper,12000000.0,,,,1,12000000.0,12000000.0,12000000.0,0,12000000.0
412.0,2024-25,Deni Avdija,24.0,POR,2161.0,Key Rotation,Shot Creator,Helper,4.47,0.83,0.72,0.1,Shot Creator / Helper,39375000.0,11875000.0,,,2,51250000.0,25625000.0,11875000.0,1,11875000.0
42.0,2024-25,Steven Adams,31.0,HOU,795.0,Rotation,Athletic Finisher,Anchor Big,1.07,-0.32,-0.75,0.43,Athletic Finisher / Anchor Big,39000000.0,11869566.0,,,2,50869566.0,25434783.0,11869566.0,1,11869566.0
475.0,2024-25,T.J. McConnell,32.0,IND,1415.0,Rotation,Slasher,Point of Attack,2.64,0.52,0.39,0.13,Slasher / Point of Attack,33000000.0,11800000.0,11800000.0,,3,56600000.0,18866666.666666668,11800000.0,2,11800000.0
265.0,2024-25,Jordan Hawkins,22.0,NOP,1321.0,Key Rotation,Off Screen Shooter,Chaser,-0.31,-2.83,-1.08,-1.74,Off Screen Shooter / Chaser,11763215.0,,,,1,11763215.0,11763215.0,11763215.0,0,11763215.0
201.0,2024-25,Sam Hauser,27.0,BOS,1541.0,Rotation,Movement Shooter,Chaser,2.86,0.5,0.27,0.23,Movement Shooter / Chaser,45000000.0,11651785.0,12455356.0,,3,69107141.0,23035713.666666668,11651785.0,2,11651785.0
477.0,2024-25,Royce O'Neale,31.0,PHO,1837.0,Starter,Stationary Shooter,Wing Stopper,3.01,0.15,0.1,0.06,Stationary Shooter / Wing Stopper,32625000.0,11625000.0,,,2,44250000.0,22125000.0,11625000.0,1,11625000.0
489.0,2024-25,Matisse Thybulle,27.0,POR,312.0,Rotation,Stationary Shooter,Point of Attack,0.69,1.03,-0.44,1.47,Stationary Shooter / Point of Attack,11550000.0,,,,1,11550000.0,11550000.0,11550000.0,0,11550000.0
185.0,2024-25,Gabe Vincent,28.0,LAL,1525.0,Key Rotation,Movement Shooter,Point of Attack,0.48,-1.94,-1.53,-0.41,Movement Shooter / Point of Attack,11500000.0,,,,1,11500000.0,11500000.0,11500000.0,0,11500000.0
195.0,2024-25,Isaiah Joe,25.0,OKC,1604.0,Key Rotation,Movement Shooter,Low Activity,3.12,0.64,1.17,-0.54,Movement Shooter / Low Activity,23685344.0,11323006.0,,,2,35008350.0,17504175.0,11323006.0,1,11323006.0
208.0,2024-25,Keegan Murray,24.0,SAC,2610.0,Starter,Movement Shooter,Wing Stopper,3.3,-0.44,-0.72,0.28,Movement Shooter / Wing Stopper,11144093.0,,,,1,11144093.0,11144093.0,11144093.0,0,11144093.0
481.0,2024-25,Maxi Kleber,33.0,DAL,637.0,Rotation,Stationary Shooter,Wing Stopper,-0.07,-2.63,-2.97,0.34,Stationary Shooter / Wing Stopper,11000000.0,,,,1,11000000.0,11000000.0,11000000.0,0,11000000.0
174.0,2024-25,Luke Kennard,28.0,MEM,1472.0,Key Rotation,Movement Shooter,Low Activity,1.9,-0.4,0.15,-0.55,Movement Shooter / Low Activity,11000000.0,,,,1,11000000.0,11000000.0,11000000.0,0,11000000.0
318.0,2024-25,Keyonte George,21.0,UTA,2108.0,Starter,Primary Ball Handler,Point of Attack,0.77,-1.86,0.33,-2.19,Primary Ball Handler / Point of Attack,10842885.0,,,,1,10842885.0,10842885.0,10842885.0,0,10842885.0
324.0,2024-25,Mike Conley,37.0,MIN,1756.0,Key Rotation,Primary Ball Handler,Chaser,3.77,0.95,0.51,0.44,Primary Ball Handler / Chaser,10774038.0,,,,1,10774038.0,10774038.0,10774038.0,0,10774038.0
274.0,2024-25,Jonas Valančiūnas,32.0,WAS/SAC,1524.0,Key Rotation,Post Scorer,Anchor Big,3.01,0.69,0.07,0.62,Post Scorer / Anchor Big,10395000.0,,,,1,10395000.0,10395000.0,10395000.0,0,10395000.0
314.0,2024-25,Jaden Ivey,22.0,DET,898.0,Starter,Primary Ball Handler,Point of Attack,0.88,-0.88,0.16,-1.03,Primary Ball Handler / Point of Attack,10107163.0,,,,1,10107163.0,10107163.0,10107163.0,0,10107163.0
248.0,2024-25,Buddy Hield,32.0,GSW,1864.0,Key Rotation,Off Screen Shooter,Chaser,2.64,-0.19,-0.11,-0.08,Off Screen Shooter / Chaser,18878048.0,10097560.0,,,2,28975608.0,14487804.0,10097560.0,1,10097560.0
173.0,2024-25,Lonzo Ball,27.0,CHI,777.0,Key Rotation,Movement Shooter,Point of Attack,1.6,0.81,0.04,0.77,Movement Shooter / Point of Attack,10000000.0,,,,1,10000000.0,10000000.0,10000000.0,0,10000000.0
4.0,2024-25,Luke Kornet,29.0,BOS,1361.0,Rotation,Athletic Finisher,Anchor Big,3.73,1.9,0.31,1.6,Athletic Finisher / Anchor Big,24000000.0,9900000.0,9350000.0,,3,43250000.0,14416666.666666666,9900000.0,2,9900000.0
257.0,2024-25,Sam Merrill,28.0,CLE,1401.0,Key Rotation,Off Screen Shooter,Chaser,2.44,0.32,0.26,0.06,Off Screen Shooter / Chaser,38000000.0,9839285.0,10517856.0,,3,58357141.0,19452380.33333333,9839285.0,2,9839285.0
439.0,2024-25,Jaime Jaquez Jr.,23.0,MIA,1368.0,Rotation,Shot Creator,Helper,1.72,-0.45,-0.83,0.38,Shot Creator / Helper,9800741.0,,,,1,9800741.0,9800741.0,9800741.0,0,9800741.0
296.0,2024-25,Ty Jerome,27.0,CLE,1393.0,Key Rotation,Primary Ball Handler,Chaser,3.91,2.01,2.33,-0.32,Primary Ball Handler / Chaser,18001050.0,9659100.0,,,2,27660150.0,13830075.0,9659100.0,1,9659100.0
31.0,2024-25,Donovan Clingan,20.0,POR,1324.0,Rotation,Athletic Finisher,Anchor Big,2.75,0.85,-1.31,2.16,Athletic Finisher / Anchor Big,14698320.0,9550298.0,,,2,24248618.0,12124309.0,9550298.0,1,9550298.0
169.0,2024-25,Pat Connaughton,32.0,MIL,603.0,Rotation,Movement Shooter,Helper,0.68,-0.66,-0.78,0.12,Movement Shooter / Helper,9423869.0,,,,1,9423869.0,9423869.0,9423869.0,0,9423869.0
402.0,2024-25,Caleb Martin,29.0,PHI/DAL,1218.0,Starter,Shot Creator,Point of Attack,0.37,-1.96,-1.85,-0.11,Shot Creator / Point of Attack,19595537.0,9371351.0,,,2,28966888.0,14483444.0,9371351.0,1,9371351.0
319.0,2024-25,Brandin Podziemski,21.0,GSW,1716.0,Starter,Primary Ball Handler,Point of Attack,3.34,0.64,-0.01,0.65,Primary Ball Handler / Point of Attack,9367419.0,,,,1,9367419.0,9367419.0,9367419.0,0,9367419.0
467.0,2024-25,Kyle Anderson,31.0,GSW/MIA,1002.0,Rotation,Shot Creator,Helper,1.67,0.19,-0.91,1.1,Shot Creator / Helper,9219512.0,,,,1,9219512.0,9219512.0,9219512.0,0,9219512.0
435.0,2024-25,Bennedict Mathurin,22.0,IND,2149.0,Starter,Shot Creator,Chaser,2.07,-0.91,-0.18,-0.73,Shot Creator / Chaser,9187573.0,,,,1,9187573.0,9187573.0,9187573.0,0,9187573.0
225.0,2024-25,Cam Whitmore,20.0,HOU,827.0,Rotation,Movement Shooter,Low Activity,1.12,-0.3,0.1,-0.4,Movement Shooter / Low Activity,8998070.0,,,,1,8998070.0,8998070.0,8998070.0,0,8998070.0
209.0,2024-25,Max Christie,21.0,LAL/DAL,2127.0,Key Rotation,Movement Shooter,Point of Attack,1.44,-1.37,-1.22,-0.15,Movement Shooter / Point of Attack,16000000.0,8857143.0,,,2,24857143.0,12428571.5,8857143.0,1,8857143.0
230.0,2024-25,Noah Clowney,20.0,BRK,1042.0,Key Rotation,Movement Shooter,Helper,0.54,-1.61,-1.27,-0.34,Movement Shooter / Helper,8812674.0,,,,1,8812674.0,8812674.0,8812674.0,0,8812674.0
376.0,2024-25,Rob Dillingham,20.0,MIN,516.0,Rotation,Secondary Ball Handler,Low Activity,0.07,-2.24,-1.05,-1.19,Secondary Ball Handler / Low Activity,13465440.0,8763216.0,,,2,22228656.0,11114328.0,8763216.0,1,8763216.0
564.0,2024-25,Brook Lopez,36.0,MIL,2546.0,Starter,Versatile Big,Anchor Big,4.64,0.44,-0.48,0.92,Versatile Big / Anchor Big,8750000.0,,,,1,8750000.0,8750000.0,8750000.0,0,8750000.0
359.0,2024-25,Quentin Grimes,24.0,DAL/PHI,2013.0,Key Rotation,Secondary Ball Handler,Chaser,2.42,-0.54,0.41,-0.95,Secondary Ball Handler / Chaser,8741209.0,,,,1,8741209.0,8741209.0,8741209.0,0,8741209.0
214.0,2024-25,Kris Murray,24.0,POR,1040.0,Rotation,Movement Shooter,Helper,0.39,-1.85,-1.67,-0.18,Movement Shooter / Helper,8447004.0,,,,1,8447004.0,8447004.0,8447004.0,0,8447004.0
436.0,2024-25,Shaedon Sharpe,21.0,POR,2252.0,Starter,Shot Creator,Chaser,1.95,-1.07,0.08,-1.15,Shot Creator / Chaser,8399983.0,,,,1,8399983.0,8399983.0,8399983.0,0,8399983.0
476.0,2024-25,Kelly Oubre Jr.,29.0,PHI,2078.0,Starter,Stationary Shooter,Helper,1.0,-1.68,-1.03,-0.64,Stationary Shooter / Helper,8382150.0,,,,1,8382150.0,8382150.0,8382150.0,0,8382150.0
432.0,2024-25,Aaron Wiggins,26.0,OKC,1744.0,Key Rotation,Shot Creator,Chaser,3.51,0.75,1.04,-0.3,Shot Creator / Chaser,27672900.0,8345797.0,8345797.0,,3,44364494.0,14788164.666666666,8345797.0,2,8345797.0
223.0,2024-25,Simone Fontecchio,29.0,DET,1237.0,Rotation,Movement Shooter,Low Activity,0.85,-1.35,-1.23,-0.12,Movement Shooter / Low Activity,8307692.0,,,,1,8307692.0,8307692.0,8307692.0,0,8307692.0
303.0,2024-25,Payton Pritchard,27.0,BOS,2271.0,Key Rotation,Primary Ball Handler,Point of Attack,6.83,2.33,2.4,-0.07,Primary Ball Handler / Point of Attack,23303571.0,8303571.0,,,2,31607142.0,15803571.0,8303571.0,1,8303571.0
363.0,2024-25,Miles McBride,24.0,NYK,1593.0,Key Rotation,Secondary Ball Handler,Point of Attack,2.53,0.08,0.15,-0.07,Secondary Ball Handler / Point of Attack,8289856.0,,,,1,8289856.0,8289856.0,8289856.0,0,8289856.0
172.0,2024-25,Georges Niang,31.0,CLE/ATL,1697.0,Key Rotation,Movement Shooter,Helper,1.31,-1.22,-0.58,-0.64,Movement Shooter / Helper,8200000.0,,,,1,8200000.0,8200000.0,8200000.0,0,8200000.0
330.0,2024-25,Vasilije Micić,31.0,CHO/PHO,785.0,Key Rotation,Primary Ball Handler,Chaser,-0.3,-3.08,-1.91,-1.17,Primary Ball Handler / Chaser,8109150.0,,,,1,8109150.0,8109150.0,8109150.0,0,8109150.0
315.0,2024-25,Marcus Sasser,24.0,DET,811.0,Rotation,Primary Ball Handler,Point of Attack,1.07,-0.36,0.12,-0.47,Primary Ball Handler / Point of Attack,8085703.0,,,,1,8085703.0,8085703.0,8085703.0,0,8085703.0
273.0,2024-25,Zach Edey,22.0,MEM,1416.0,Key Rotation,Post Scorer,Mobile Big,2.71,0.59,-0.44,1.03,Post Scorer / Mobile Big,12377760.0,8067937.0,,,2,20445697.0,10222848.5,8067937.0,1,8067937.0
473.0,2024-25,Tre Jones,25.0,SAS/CHI,905.0,Rotation,Slasher,Point of Attack,1.51,0.21,-0.13,0.34,Slasher / Point of Attack,16000000.0,8000000.0,,,2,24000000.0,12000000.0,8000000.0,1,8000000.0
9.0,2024-25,Jock Landale,29.0,HOU,500.0,Rotation,Athletic Finisher,Mobile Big,0.41,-1.12,-1.13,0.01,Athletic Finisher / Mobile Big,8000000.0,,,,1,8000000.0,8000000.0,8000000.0,0,8000000.0
331.0,2024-25,Kevon Looney,28.0,GSW,1142.0,Rotation,Roll + Cut Big,Anchor Big,2.5,1.03,-0.65,1.68,Roll + Cut Big / Anchor Big,8000000.0,,,,1,8000000.0,8000000.0,8000000.0,0,8000000.0
423.0,2024-25,Tre Mann,23.0,CHO,319.0,Key Rotation,Shot Creator,Chaser,0.23,-1.3,-0.35,-0.95,Shot Creator / Chaser,16000000.0,8000000.0,,,2,24000000.0,12000000.0,8000000.0,1,8000000.0
514.0,2024-25,Ben Sheppard,23.0,IND,1228.0,Rotation,Stationary Shooter,Chaser,0.69,-1.54,-1.47,-0.07,Stationary Shooter / Chaser,7822389.0,,,,1,7822389.0,7822389.0,7822389.0,0,7822389.0
550.0,2024-25,Jaylin Williams,22.0,OKC,784.0,Rotation,Stretch Big,Anchor Big,2.0,1.61,0.27,1.33,Stretch Big / Anchor Big,16225352.0,7774648.0,,,2,24000000.0,12000000.0,7774648.0,1,7774648.0
312.0,2024-25,Dyson Daniels,21.0,ATL,2571.0,Starter,Primary Ball Handler,Point of Attack,5.62,1.02,-0.46,1.48,Primary Ball Handler / Point of Attack,7707709.0,,,,1,7707709.0,7707709.0,7707709.0,0,7707709.0
521.0,2024-25,Cody Williams,20.0,UTA,1060.0,Key Rotation,Stationary Shooter,Chaser,-0.8,-3.68,-3.15,-0.53,Stationary Shooter / Chaser,11758080.0,7669890.0,,,2,19427970.0,9713985.0,7669890.0,1,7669890.0
236.0,2024-25,Matas Buzelis,20.0,CHI,1511.0,Rotation,Movement Shooter,Helper,1.7,-0.65,-1.16,0.51,Movement Shooter / Helper,11170920.0,7584283.0,,,2,18755203.0,9377601.5,7584283.0,1,7584283.0
229.0,2024-25,Brice Sensabaugh,21.0,UTA,1432.0,Key Rotation,Movement Shooter,Low Activity,0.38,-2.03,-0.51,-1.52,Movement Shooter / Low Activity,7555997.0,,,,1,7555997.0,7555997.0,7555997.0,0,7555997.0
304.0,2024-25,Ayo Dosunmu,25.0,CHI,1394.0,Starter,Primary Ball Handler,Point of Attack,1.31,-0.95,-0.57,-0.38,Primary Ball Handler / Point of Attack,7518518.0,,,,1,7518518.0,7518518.0,7518518.0,0,7518518.0
211.0,2024-25,Julian Strawther,22.0,DEN,1384.0,Rotation,Movement Shooter,Low Activity,0.46,-1.92,-1.27,-0.65,Movement Shooter / Low Activity,7501131.0,,,,1,7501131.0,7501131.0,7501131.0,0,7501131.0
545.0,2024-25,Zeke Nnaji,24.0,DEN,608.0,Rotation,Stretch Big,Helper,0.59,-0.9,-2.22,1.32,Stretch Big / Helper,15644445.0,7466667.0,,,2,23111112.0,11555556.0,7466667.0,1,7466667.0
377.0,2024-25,Devin Carter,22.0,SAC,396.0,Garbage Time,Secondary Ball Handler,Point of Attack,0.7,0.35,-0.39,0.74,Secondary Ball Handler / Point of Attack,10081800.0,7370897.0,,,2,17452697.0,8726348.5,7370897.0,1,7370897.0
44.0,2024-25,Clint Capela,30.0,ATL,1176.0,Rotation,Athletic Finisher,Anchor Big,2.05,0.32,-0.63,0.95,Athletic Finisher / Anchor Big,21105000.0,7370000.0,,,2,28475000.0,14237500.0,7370000.0,1,7370000.0
321.0,2024-25,Bub Carrington,19.0,WAS,2458.0,Starter,Primary Ball Handler,Point of Attack,-3.01,-4.47,-2.86,-1.6,Primary Ball Handler / Point of Attack,9578160.0,7257730.0,,,2,16835890.0,8417945.0,7257730.0,1,7257730.0
541.0,2024-25,Kenrich Williams,30.0,OKC,1132.0,Rotation,Stretch Big,Helper,1.65,-0.13,-0.39,0.25,Stretch Big / Helper,7163000.0,,,,1,7163000.0,7163000.0,7163000.0,0,7163000.0
33.0,2024-25,Kel'el Ware,20.0,MIA,1422.0,Key Rotation,Athletic Finisher,Anchor Big,2.81,0.68,-1.24,1.93,Athletic Finisher / Anchor Big,9098280.0,7135992.0,,,2,16234272.0,8117136.0,7135992.0,1,7135992.0
344.0,2024-25,Jeremy Sochan,21.0,SAS,1367.0,Key Rotation,Roll + Cut Big,Wing Stopper,1.18,-1.08,-0.74,-0.34,Roll + Cut Big / Wing Stopper,7096231.0,,,,1,7096231.0,7096231.0,7096231.0,0,7096231.0
279.0,2024-25,Tyus Jones,28.0,PHO,2174.0,Starter,Primary Ball Handler,Point of Attack,2.95,-0.29,1.1,-1.39,Primary Ball Handler / Point of Attack,7000000.0,,,,1,7000000.0,7000000.0,7000000.0,0,7000000.0
53.0,2024-25,Jevon Carter,29.0,CHI,321.0,Garbage Time,Low Minute,Point of Attack,0.51,0.06,0.23,-0.17,Low Minute / Point of Attack,6809524.0,,,,1,6809524.0,6809524.0,6809524.0,0,6809524.0
378.0,2024-25,Jared McCain,20.0,PHI,592.0,Key Rotation,Secondary Ball Handler,Chaser,0.4,-1.37,0.45,-1.82,Secondary Ball Handler / Chaser,8643960.0,6784268.0,,,2,15428228.0,7714114.0,6784268.0,1,6784268.0
367.0,2024-25,Ousmane Dieng,21.0,OKC,405.0,Rotation,Secondary Ball Handler,Helper,0.24,-1.5,-1.18,-0.32,Secondary Ball Handler / Helper,6670882.0,,,,1,6670882.0,6670882.0,6670882.0,0,6670882.0
343.0,2024-25,Jalen Duren,21.0,DET,2035.0,Key Rotation,Roll + Cut Big,Mobile Big,5.49,1.83,0.33,1.51,Roll + Cut Big / Mobile Big,6483144.0,,,,1,6483144.0,6483144.0,6483144.0,0,6483144.0
238.0,2024-25,Dalton Knecht,23.0,LAL,1494.0,Rotation,Movement Shooter,Helper,1.48,-0.87,0.2,-1.07,Movement Shooter / Helper,8211240.0,6452860.0,,,2,14664100.0,7332050.0,6452860.0,1,6452860.0
75.0,2024-25,Isaiah Jackson,23.0,IND,84.0,Too Few Games,Low Minute,Mobile Big,0.11,-0.4,-0.47,0.06,Low Minute / Mobile Big,21000000.0,6400000.0,,,2,27400000.0,13700000.0,6400000.0,1,6400000.0
546.0,2024-25,Ochai Agbaji,24.0,TOR,1739.0,Key Rotation,Stretch Big,Wing Stopper,0.3,-2.17,-2.08,-0.09,Stretch Big / Wing Stopper,6383525.0,,,,1,6383525.0,6383525.0,6383525.0,0,6383525.0
355.0,2024-25,Shake Milton,28.0,BRK/LAL,836.0,Rotation,Secondary Ball Handler,Chaser,0.52,-1.45,-0.96,-0.48,Secondary Ball Handler / Chaser,6287406.0,,,,1,6287406.0,6287406.0,6287406.0,0,6287406.0
21.0,2024-25,Mark Williams,23.0,CHO,1171.0,Key Rotation,Athletic Finisher,Anchor Big,2.63,1.11,-0.01,1.12,Athletic Finisher / Anchor Big,6276531.0,,,,1,6276531.0,6276531.0,6276531.0,0,6276531.0
342.0,2024-25,Day'Ron Sharpe,23.0,BRK,909.0,Rotation,Roll + Cut Big,Mobile Big,1.87,0.81,-0.13,0.94,Roll + Cut Big / Mobile Big,6250000.0,,,,1,6250000.0,6250000.0,6250000.0,0,6250000.0
199.0,2024-25,Ziaire Williams,23.0,BRK,1541.0,Key Rotation,Movement Shooter,Wing Stopper,1.23,-1.18,-1.22,0.05,Movement Shooter / Wing Stopper,6250000.0,,,,1,6250000.0,6250000.0,6250000.0,0,6250000.0
365.0,2024-25,Jaden Hardy,22.0,DAL,907.0,Rotation,Secondary Ball Handler,Chaser,0.01,-2.43,-1.19,-1.24,Secondary Ball Handler / Chaser,12000000.0,6000000.0,,,2,18000000.0,9000000.0,6000000.0,1,6000000.0
426.0,2024-25,Cam Thomas,23.0,BRK,781.0,Starter,Shot Creator,Chaser,1.2,-0.01,2.12,-2.13,Shot Creator / Chaser,5993172.0,,,,1,5993172.0,5993172.0,5993172.0,0,5993172.0
239.0,2024-25,Ja'Kobe Walter,20.0,TOR,1103.0,Key Rotation,Movement Shooter,Chaser,0.44,-1.8,-1.19,-0.61,Movement Shooter / Chaser,7449960.0,5870172.0,,,2,13320132.0,6660066.0,5870172.0,1,5870172.0
524.0,2024-25,Al Horford,38.0,BOS,1659.0,Key Rotation,Stationary Shooter,Helper,3.63,1.02,-0.22,1.24,Stationary Shooter / Helper,5685000.0,,,,1,5685000.0,5685000.0,5685000.0,0,5685000.0
280.0,2024-25,D'Angelo Russell,28.0,LAL/BRK,1481.0,Key Rotation,Primary Ball Handler,Chaser,3.0,0.76,1.16,-0.39,Primary Ball Handler / Chaser,5685000.0,,,,1,5685000.0,5685000.0,5685000.0,0,5685000.0
504.0,2024-25,Tari Eason,23.0,HOU,1420.0,Key Rotation,Stationary Shooter,Wing Stopper,3.49,1.45,-0.14,1.59,Stationary Shooter / Wing Stopper,5675766.0,,,,1,5675766.0,5675766.0,5675766.0,0,5675766.0
138.0,2024-25,Jaylon Tyson,22.0,CLE,453.0,Garbage Time,Low Minute,Chaser,0.17,-1.86,-1.34,-0.52,Low Minute / Chaser,7151040.0,5641500.0,,,2,12792540.0,6396270.0,5641500.0,1,5641500.0
542.0,2024-25,Haywood Highsmith,28.0,MIA,1818.0,Key Rotation,Stretch Big,Point of Attack,1.46,-1.17,-2.18,1.01,Stretch Big / Point of Attack,5616000.0,,,,1,5616000.0,5616000.0,5616000.0,0,5616000.0
527.0,2024-25,Nicolas Batum,36.0,LAC,1367.0,Rotation,Stationary Shooter,Helper,1.82,-0.33,-1.6,1.28,Stationary Shooter / Helper,5601600.0,,,,1,5601600.0,5601600.0,5601600.0,0,5601600.0
32.0,2024-25,Yves Missi,20.0,NOP,1956.0,Key Rotation,Athletic Finisher,Mobile Big,0.05,-2.41,-1.87,-0.53,Athletic Finisher / Mobile Big,6865800.0,5595827.0,,,2,12461627.0,6230813.5,5595827.0,1,5595827.0
266.0,2024-25,Jett Howard,21.0,ORL,701.0,Rotation,Off Screen Shooter,Low Activity,0.15,-2.12,-1.12,-0.99,Off Screen Shooter / Low Activity,5529720.0,,,,1,5529720.0,5529720.0,5529720.0,0,5529720.0
535.0,2024-25,Guerschon Yabusele,29.0,PHI,1896.0,Key Rotation,Stretch Big,Mobile Big,0.9,-1.69,-0.55,-1.13,Stretch Big / Mobile Big,5500000.0,,,,1,5500000.0,5500000.0,5500000.0,0,5500000.0
447.0,2024-25,AJ Johnson,20.0,MIL/WAS,638.0,Key Rotation,Shot Creator,Low Activity,-0.08,-2.66,-1.69,-0.97,Shot Creator / Low Activity,6327600.0,5493394.0,,,2,11820994.0,5910497.0,5493394.0,1,5493394.0
240.0,2024-25,Kyshawn George,21.0,WAS,1802.0,Key Rotation,Movement Shooter,Helper,-0.26,-2.68,-2.56,-0.13,Movement Shooter / Helper,6074760.0,5435892.0,,,2,11510652.0,5755326.0,5435892.0,1,5435892.0
566.0,2024-25,Dario Šarić,30.0,DEN,210.0,Rotation,Versatile Big,Mobile Big,0.19,-1.03,-0.93,-0.1,Versatile Big / Mobile Big,5426400.0,,,,1,5426400.0,5426400.0,5426400.0,0,5426400.0
284.0,2024-25,Kris Dunn,30.0,LAC,1783.0,Key Rotation,Primary Ball Handler,Point of Attack,3.66,0.8,-1.26,2.06,Primary Ball Handler / Point of Attack,5426400.0,,,,1,5426400.0,5426400.0,5426400.0,0,5426400.0
507.0,2024-25,Dalen Terry,22.0,CHI,987.0,Rotation,Stationary Shooter,Point of Attack,0.57,-1.52,-1.9,0.38,Stationary Shooter / Point of Attack,5399118.0,,,,1,5399118.0,5399118.0,5399118.0,0,5399118.0
62.0,2024-25,Paul Reed,25.0,DET,436.0,Garbage Time,Low Minute,Mobile Big,1.14,1.72,-0.95,2.67,Low Minute / Mobile Big,5335894.0,,,,1,5335894.0,5335894.0,5335894.0,0,5335894.0
77.0,2024-25,Luka Garza,26.0,MIN,219.0,Garbage Time,Low Minute,Mobile Big,0.21,-0.9,0.14,-1.04,Low Minute / Mobile Big,5262809.0,,,,1,5262809.0,5262809.0,5262809.0,0,5262809.0
410.0,2024-25,Kevin Porter Jr.,24.0,LAC/MIL,1482.0,Rotation,Shot Creator,Point of Attack,2.69,0.43,0.15,0.29,Shot Creator / Point of Attack,5134000.0,,,,1,5134000.0,5134000.0,5134000.0,0,5134000.0
18.0,2024-25,Terrence Shannon Jr.,24.0,MIN,339.0,Rotation,Athletic Finisher,Helper,0.18,-1.6,-1.16,-0.44,Athletic Finisher / Helper,5475720.0,5054159.0,,,2,10529879.0,5264939.5,5054159.0,1,5054159.0
560.0,2024-25,Ryan Dunn,22.0,PHO,1410.0,Rotation,Stretch Big,Point of Attack,1.5,-0.75,-0.6,-0.15,Stretch Big / Point of Attack,5442000.0,5025553.0,,,2,10467553.0,5233776.5,5025553.0,1,5025553.0
350.0,2024-25,Andre Drummond,31.0,PHI,751.0,Rotation,Roll + Cut Big,Mobile Big,0.99,-0.35,-1.15,0.79,Roll + Cut Big / Mobile Big,5000000.0,,,,1,5000000.0,5000000.0,5000000.0,0,5000000.0
446.0,2024-25,Isaiah Collier,20.0,UTA,1839.0,Key Rotation,Shot Creator,Point of Attack,-0.43,-2.83,-1.8,-1.02,Shot Creator / Point of Attack,5402160.0,4988948.0,,,2,10391108.0,5195554.0,4988948.0,1,4988948.0
89.0,2024-25,Malaki Branham,21.0,SAS,427.0,Garbage Time,Low Minute,Low Activity,0.04,-2.29,-1.34,-0.95,Low Minute / Low Activity,4962033.0,,,,1,4962033.0,4962033.0,4962033.0,0,4962033.0
263.0,2024-25,Baylor Scheierman,24.0,BOS,384.0,Garbage Time,Off Screen Shooter,Low Activity,0.47,-0.51,-0.3,-0.21,Off Screen Shooter / Low Activity,5363040.0,4952993.0,,,2,10316033.0,5158016.5,4952993.0,1,4952993.0
23.0,2024-25,Christian Braun,23.0,DEN,2675.0,Starter,Athletic Finisher,Point of Attack,4.47,0.2,0.44,-0.23,Athletic Finisher / Point of Attack,4921797.0,,,,1,4921797.0,4921797.0,4921797.0,0,4921797.0
22.0,2024-25,Walker Kessler,23.0,UTA,1740.0,Starter,Athletic Finisher,Anchor Big,3.28,0.54,-0.72,1.26,Athletic Finisher / Anchor Big,4878938.0,,,,1,4878938.0,4878938.0,4878938.0,0,4878938.0
366.0,2024-25,Blake Wesley,21.0,SAS,683.0,Rotation,Secondary Ball Handler,Point of Attack,0.33,-1.67,-1.68,0.01,Secondary Ball Handler / Point of Attack,4726328.0,,,,1,4726328.0,4726328.0,4726328.0,0,4726328.0
370.0,2024-25,Kobe Bufkin,21.0,ATL,124.0,Rotation,Secondary Ball Handler,Point of Attack,0.19,-0.05,-0.15,0.1,Secondary Ball Handler / Point of Attack,4503720.0,,,,1,4503720.0,4503720.0,4503720.0,0,4503720.0
311.0,2024-25,Jose Alvarado,26.0,NOP,1366.0,Key Rotation,Primary Ball Handler,Point of Attack,1.12,-1.14,-0.12,-1.01,Primary Ball Handler / Point of Attack,4500000.0,,,,1,4500000.0,4500000.0,4500000.0,0,4500000.0
505.0,2024-25,Nikola Jović,21.0,MIA,1156.0,Key Rotation,Stationary Shooter,Helper,1.75,-0.04,-0.44,0.4,Stationary Shooter / Helper,4445417.0,,,,1,4445417.0,4445417.0,4445417.0,0,4445417.0
552.0,2024-25,Peyton Watson,22.0,DEN,1657.0,Key Rotation,Stretch Big,Point of Attack,1.74,-0.78,-1.79,1.01,Stretch Big / Point of Attack,4356476.0,,,,1,4356476.0,4356476.0,4356476.0,0,4356476.0
131.0,2024-25,Tyler Smith,20.0,MIL,122.0,Garbage Time,Low Minute,Mobile Big,0.15,-0.51,-0.59,0.08,Low Minute / Mobile Big,4251648.0,,,,1,4251648.0,4251648.0,4251648.0,0,4251648.0
563.0,2024-25,Kevin Love,36.0,MIA,251.0,Rotation,Versatile Big,Helper,0.68,1.85,1.09,0.76,Versatile Big / Helper,4150000.0,,,,1,4150000.0,4150000.0,4150000.0,0,4150000.0
356.0,2024-25,Svi Mykhailiuk,27.0,UTA,760.0,Key Rotation,Secondary Ball Handler,Chaser,0.32,-1.78,-0.55,-1.24,Secondary Ball Handler / Chaser,,4025000.0,,,1,4025000.0,4025000.0,4025000.0,0,4025000.0
438.0,2024-25,Ryan Rollins,22.0,MIL,820.0,Rotation,Shot Creator,Point of Attack,1.0,-0.51,-1.0,0.5,Shot Creator / Point of Attack,8000000.0,4000000.0,,,2,12000000.0,6000000.0,4000000.0,1,4000000.0
43.0,2024-25,Dwight Powell,33.0,DAL,551.0,Rotation,Athletic Finisher,Mobile Big,0.57,-0.79,-2.06,1.26,Athletic Finisher / Mobile Big,4000000.0,,,,1,4000000.0,4000000.0,4000000.0,0,4000000.0
253.0,2024-25,Gary Trent Jr.,26.0,MIL,1893.0,Key Rotation,Off Screen Shooter,Point of Attack,2.09,-0.69,-0.19,-0.51,Off Screen Shooter / Point of Attack,3697105.0,,,,1,3697105.0,3697105.0,3697105.0,0,3697105.0
532.0,2024-25,Gary Harris,30.0,ORL,711.0,Rotation,Stationary Shooter,Chaser,0.16,-2.1,-2.34,0.24,Stationary Shooter / Chaser,3634153.0,,,,1,3634153.0,3634153.0,3634153.0,0,3634153.0
11.0,2024-25,Jaxson Hayes,24.0,LAL,1093.0,Rotation,Athletic Finisher,Anchor Big,1.73,0.06,-1.52,1.58,Athletic Finisher / Anchor Big,3449323.0,,,,1,3449323.0,3449323.0,3449323.0,0,3449323.0
171.0,2024-25,Taurean Prince,30.0,MIL,2166.0,Starter,Movement Shooter,Chaser,1.53,-1.32,-1.58,0.26,Movement Shooter / Chaser,3303774.0,,,,1,3303774.0,3303774.0,3303774.0,0,3303774.0
228.0,2024-25,Dariq Whitehead,20.0,BRK,246.0,Rotation,Movement Shooter,Chaser,0.19,-1.18,-0.67,-0.52,Movement Shooter / Chaser,3262560.0,,,,1,3262560.0,3262560.0,3262560.0,0,3262560.0
183.0,2024-25,De'Anthony Melton,26.0,GSW,121.0,Too Few Games,Movement Shooter,Point of Attack,0.15,-0.53,-0.31,-0.22,Movement Shooter / Point of Attack,3080921.0,,,,1,3080921.0,3080921.0,3080921.0,0,3080921.0
549.0,2024-25,Jay Huff,26.0,MEM,748.0,Rotation,Stretch Big,Mobile Big,1.66,1.07,0.28,0.79,Stretch Big / Mobile Big,2349578.0,3005085.0,,,2,5354663.0,2677331.5,3005085.0,1,3005085.0
200.0,2024-25,Justin Champagnie,23.0,WAS,1340.0,Key Rotation,Movement Shooter,Helper,0.96,-1.3,-1.36,0.05,Movement Shooter / Helper,5017522.0,3005085.0,,,2,8022607.0,4011303.5,3005085.0,1,3005085.0
202.0,2024-25,Julian Champagnie,23.0,SAS,1932.0,Key Rotation,Movement Shooter,Chaser,1.32,-1.36,-0.55,-0.8,Movement Shooter / Chaser,,3000000.0,,,1,3000000.0,3000000.0,3000000.0,0,3000000.0
558.0,2024-25,Kyle Filipowski,21.0,UTA,1522.0,Key Rotation,Stretch Big,Mobile Big,1.31,-1.07,-0.83,-0.24,Stretch Big / Mobile Big,3000000.0,3000000.0,,,2,6000000.0,3000000.0,3000000.0,1,3000000.0
50.0,2024-25,Tony Bradley,27.0,IND,113.0,Garbage Time,Low Minute,Mobile Big,0.15,-0.34,-0.29,-0.05,Low Minute / Mobile Big,2940876.0,,,,1,2940876.0,2940876.0,2940876.0,0,2940876.0
207.0,2024-25,Dru Smith,27.0,MIA,268.0,Rotation,Movement Shooter,Point of Attack,0.3,-0.65,-1.59,0.94,Movement Shooter / Point of Attack,2378870.0,2934742.0,,,2,5313612.0,2656806.0,2934742.0,1,2934742.0
522.0,2024-25,Ajay Mitchell,22.0,OKC,597.0,Rotation,Stationary Shooter,Point of Attack,0.3,-1.64,-1.1,-0.53,Stationary Shooter / Point of Attack,3000000.0,2850000.0,,,2,5850000.0,2925000.0,2850000.0,1,2850000.0
309.0,2024-25,Scotty Pippen Jr.,24.0,MEM,1683.0,Key Rotation,Primary Ball Handler,Point of Attack,3.79,1.12,0.41,0.71,Primary Ball Handler / Point of Attack,2270735.0,2789215.0,,,2,5059950.0,2529975.0,2789215.0,1,2789215.0
516.0,2024-25,Dillon Jones,23.0,OKC,552.0,Rotation,Stationary Shooter,Low Activity,0.24,-1.75,-1.55,-0.2,Stationary Shooter / Low Activity,2753280.0,,,,1,2753280.0,2753280.0,2753280.0,0,2753280.0
372.0,2024-25,Nick Smith Jr.,20.0,CHO,1369.0,Key Rotation,Secondary Ball Handler,Chaser,-1.16,-3.83,-2.1,-1.73,Secondary Ball Handler / Chaser,2710680.0,,,,1,2710680.0,2710680.0,2710680.0,0,2710680.0
14.0,2024-25,Neemias Queta,25.0,BOS,863.0,Garbage Time,Athletic Finisher,Helper,1.33,0.0,-1.3,1.3,Athletic Finisher / Helper,,2667944.0,,,1,2667944.0,2667944.0,2667944.0,0,2667944.0
112.0,2024-25,Kobe Brown,25.0,LAC,272.0,Garbage Time,Low Minute,Helper,0.24,-1.06,-1.2,0.14,Low Minute / Helper,2654880.0,,,,1,2654880.0,2654880.0,2654880.0,0,2654880.0
242.0,2024-25,Justin Edwards,21.0,PHI,1156.0,Key Rotation,Movement Shooter,Chaser,0.03,-2.41,-1.38,-1.04,Movement Shooter / Chaser,4459584.0,2616754.0,,,2,7076338.0,3538169.0,2616754.0,1,2616754.0
241.0,2024-25,Cam Spencer,24.0,MEM,252.0,Rotation,Movement Shooter,Low Activity,0.36,-0.18,0.51,-0.69,Movement Shooter / Low Activity,7565833.0,2616754.0,2830685.0,,3,13013272.0,4337757.333333333,2616754.0,2,2616754.0
140.0,2024-25,Cam Christie,19.0,LAC,59.0,Garbage Time,Low Minute,Helper,0.08,-0.17,0.05,-0.22,Low Minute / Helper,1955377.0,2486995.0,,,2,4442372.0,2221186.0,2486995.0,1,2486995.0
349.0,2024-25,Adem Bona,21.0,PHI,902.0,Rotation,Roll + Cut Big,Mobile Big,0.87,-0.91,-2.33,1.43,Roll + Cut Big / Mobile Big,,2486995.0,,,1,2486995.0,2486995.0,2486995.0,0,2486995.0
141.0,2024-25,Bronny James,20.0,LAL,181.0,Garbage Time,Low Minute,Point of Attack,0.22,-0.49,-0.49,0.0,Low Minute / Point of Attack,1955377.0,2486995.0,,,2,4442372.0,2221186.0,2486995.0,1,2486995.0
134.0,2024-25,Johnny Furphy,20.0,IND,379.0,Garbage Time,Low Minute,Chaser,0.21,-1.54,-2.17,0.63,Low Minute / Chaser,4251648.0,2486995.0,,,2,6738643.0,3369321.5,2486995.0,1,2486995.0
34.0,2024-25,Oso Ighodaro,22.0,PHO,1045.0,Rotation,Athletic Finisher,Mobile Big,0.78,-1.26,-2.12,0.86,Athletic Finisher / Mobile Big,1955377.0,2486995.0,,,2,4442372.0,2221186.0,2486995.0,1,2486995.0
135.0,2024-25,Tyler Kolek,23.0,NYK,296.0,Garbage Time,Low Minute,Low Activity,0.34,-0.63,-0.58,-0.05,Low Minute / Low Activity,4488168.0,2486995.0,,,2,6975163.0,3487581.5,2486995.0,1,2486995.0
243.0,2024-25,Jaylen Wells,21.0,MEM,2043.0,Starter,Movement Shooter,Wing Stopper,1.57,-1.22,-0.35,-0.88,Movement Shooter / Wing Stopper,1955377.0,2486995.0,,,2,4442372.0,2221186.0,2486995.0,1,2486995.0
114.0,2024-25,Bobi Klintman,21.0,DET,42.0,Too Few Games,Low Minute,Helper,0.06,-0.03,-0.11,0.09,Low Minute / Helper,1955377.0,2486995.0,,,2,4442372.0,2221186.0,2486995.0,1,2486995.0
19.0,2024-25,Jericho Sims,26.0,NYK/MIL,631.0,Garbage Time,Athletic Finisher,Mobile Big,0.21,-1.91,-2.68,0.77,Athletic Finisher / Mobile Big,2461463.0,,,,1,2461463.0,2461463.0,2461463.0,0,2461463.0
428.0,2024-25,Trendon Watford,24.0,BRK,913.0,Key Rotation,Shot Creator,Helper,0.49,-1.59,-1.14,-0.45,Shot Creator / Helper,2461463.0,,,,1,2461463.0,2461463.0,2461463.0,0,2461463.0
548.0,2024-25,Sandro Mamukelashvili,25.0,SAS,681.0,Rotation,Stretch Big,Mobile Big,1.5,1.04,1.14,-0.09,Stretch Big / Mobile Big,2461463.0,,,,1,2461463.0,2461463.0,2461463.0,0,2461463.0
143.0,2024-25,N'Faly Dante,23.0,HOU,51.0,Too Few Games,Low Minute,Mobile Big,0.06,-0.52,-0.68,0.16,Low Minute / Mobile Big,,2411090.0,,,1,2411090.0,2411090.0,2411090.0,0,2411090.0
25.0,2024-25,Trayce Jackson-Davis,24.0,GSW,967.0,Rotation,Athletic Finisher,Mobile Big,1.65,0.27,-0.5,0.77,Athletic Finisher / Mobile Big,,2406205.0,,,1,2406205.0,2406205.0,2406205.0,0,2406205.0
96.0,2024-25,Leonard Miller,21.0,MIN,32.0,Garbage Time,Low Minute,Helper,0.04,-0.44,-0.11,-0.34,Low Minute / Helper,,2406205.0,,,1,2406205.0,2406205.0,2406205.0,0,2406205.0
512.0,2024-25,Andre Jackson Jr.,23.0,MIL,980.0,Rotation,Stationary Shooter,Point of Attack,0.03,-2.4,-2.71,0.31,Stationary Shooter / Point of Attack,,2406205.0,,,1,2406205.0,2406205.0,2406205.0,0,2406205.0
553.0,2024-25,Mouhamed Gueye,22.0,ATL,533.0,Rotation,Stretch Big,Helper,1.31,1.46,-0.59,2.04,Stretch Big / Helper,,2406205.0,,,1,2406205.0,2406205.0,2406205.0,0,2406205.0
374.0,2024-25,Craig Porter Jr.,24.0,CLE,513.0,Rotation,Secondary Ball Handler,Point of Attack,0.38,-1.26,-1.34,0.08,Secondary Ball Handler / Point of Attack,,2406205.0,,,1,2406205.0,2406205.0,2406205.0,0,2406205.0
97.0,2024-25,Josh Minott,22.0,MIN,276.0,Garbage Time,Low Minute,Helper,0.32,-0.63,-1.2,0.57,Low Minute / Helper,2378870.0,,,,1,2378870.0,2378870.0,2378870.0,0,2378870.0
424.0,2024-25,Keon Johnson,22.0,BRK,1925.0,Key Rotation,Shot Creator,Point of Attack,0.3,-2.2,-1.72,-0.48,Shot Creator / Point of Attack,2349578.0,,,,1,2349578.0,2349578.0,2349578.0,0,2349578.0
501.0,2024-25,Jordan Goodwin,26.0,LAL,543.0,Rotation,Stationary Shooter,Chaser,0.67,-0.48,-1.18,0.7,Stationary Shooter / Chaser,2349578.0,,,,1,2349578.0,2349578.0,2349578.0,0,2349578.0
212.0,2024-25,Keon Ellis,25.0,SAC,1948.0,Key Rotation,Movement Shooter,Point of Attack,3.88,0.71,-0.71,1.42,Movement Shooter / Point of Attack,2301587.0,,,,1,2301587.0,2301587.0,2301587.0,0,2301587.0
218.0,2024-25,Vince Williams Jr.,24.0,MEM,499.0,Rotation,Movement Shooter,Wing Stopper,0.42,-1.12,-0.76,-0.36,Movement Shooter / Wing Stopper,2301587.0,,,,1,2301587.0,2301587.0,2301587.0,0,2301587.0
270.0,2024-25,Tim Hardaway Jr.,32.0,DET,2153.0,Starter,Off Screen Shooter,Chaser,1.73,-1.17,-0.39,-0.78,Off Screen Shooter / Chaser,2296274.0,,,,1,2296274.0,2296274.0,2296274.0,0,2296274.0
336.0,2024-25,Drew Eubanks,27.0,UTA/LAC,746.0,Rotation,Roll + Cut Big,Anchor Big,1.17,0.03,-1.25,1.29,Roll + Cut Big / Anchor Big,2296274.0,,,,1,2296274.0,2296274.0,2296274.0,0,2296274.0
354.0,2024-25,Bruce Brown,28.0,TOR/NOP,921.0,Key Rotation,Secondary Ball Handler,Chaser,0.38,-1.79,-1.7,-0.09,Secondary Ball Handler / Chaser,2296274.0,,,,1,2296274.0,2296274.0,2296274.0,0,2296274.0
258.0,2024-25,Lindy Waters III,27.0,GSW/DET,777.0,Rotation,Off Screen Shooter,Chaser,0.72,-0.97,-1.15,0.18,Off Screen Shooter / Chaser,2296274.0,,,,1,2296274.0,2296274.0,2296274.0,0,2296274.0
251.0,2024-25,Aaron Holiday,28.0,HOU,792.0,Rotation,Off Screen Shooter,Point of Attack,0.63,-1.18,-0.7,-0.48,Off Screen Shooter / Point of Attack,2296274.0,,,,1,2296274.0,2296274.0,2296274.0,0,2296274.0
340.0,2024-25,Precious Achiuwa,25.0,NYK,1170.0,Key Rotation,Roll + Cut Big,Mobile Big,1.46,-0.46,-1.67,1.21,Roll + Cut Big / Mobile Big,2296274.0,,,,1,2296274.0,2296274.0,2296274.0,0,2296274.0
52.0,2024-25,Marvin Bagley III,25.0,WAS/MEM,265.0,Garbage Time,Low Minute,Anchor Big,0.4,-0.06,-0.16,0.09,Low Minute / Anchor Big,2296274.0,,,,1,2296274.0,2296274.0,2296274.0,0,2296274.0
526.0,2024-25,Eric Gordon,36.0,PHI,768.0,Rotation,Stationary Shooter,Helper,0.31,-1.8,-1.08,-0.72,Stationary Shooter / Helper,2296274.0,,,,1,2296274.0,2296274.0,2296274.0,0,2296274.0
68.0,2024-25,Anthony Gill,32.0,WAS,397.0,Garbage Time,Low Minute,Helper,0.08,-2.12,-2.18,0.06,Low Minute / Helper,2296274.0,,,,1,2296274.0,2296274.0,2296274.0,0,2296274.0
525.0,2024-25,Jeff Green,38.0,HOU,396.0,Rotation,Stationary Shooter,Helper,0.28,-1.33,-1.01,-0.33,Stationary Shooter / Helper,2296274.0,,,,1,2296274.0,2296274.0,2296274.0,0,2296274.0
533.0,2024-25,Larry Nance Jr.,32.0,ATL,463.0,Rotation,Stretch Big,Mobile Big,0.79,0.24,-0.68,0.92,Stretch Big / Mobile Big,2296274.0,,,,1,2296274.0,2296274.0,2296274.0,0,2296274.0
538.0,2024-25,Thomas Bryant,27.0,MIA/IND,963.0,Rotation,Stretch Big,Mobile Big,1.69,0.33,0.08,0.25,Stretch Big / Mobile Big,2296274.0,,,,1,2296274.0,2296274.0,2296274.0,0,2296274.0
534.0,2024-25,Gary Payton II,32.0,GSW,927.0,Rotation,Stretch Big,Wing Stopper,1.48,0.09,-0.86,0.95,Stretch Big / Wing Stopper,2296274.0,,,,1,2296274.0,2296274.0,2296274.0,0,2296274.0
58.0,2024-25,Jordan McLaughlin,28.0,SAC/SAS,314.0,Garbage Time,Low Minute,Point of Attack,0.44,-0.22,-0.58,0.36,Low Minute / Point of Attack,2296274.0,,,,1,2296274.0,2296274.0,2296274.0,0,2296274.0
184.0,2024-25,Landry Shamet,27.0,NYK,762.0,Rotation,Movement Shooter,Chaser,0.07,-2.29,-1.48,-0.81,Movement Shooter / Chaser,2296274.0,,,,1,2296274.0,2296274.0,2296274.0,0,2296274.0
167.0,2024-25,Joe Ingles,37.0,MIN,114.0,Garbage Time,Low Minute,Helper,0.1,-1.02,-0.66,-0.36,Low Minute / Helper,2296274.0,,,,1,2296274.0,2296274.0,2296274.0,0,2296274.0
177.0,2024-25,Chris Boucher,32.0,TOR,862.0,Rotation,Movement Shooter,Low Activity,1.72,0.72,0.84,-0.12,Movement Shooter / Low Activity,2296274.0,,,,1,2296274.0,2296274.0,2296274.0,0,2296274.0
384.0,2024-25,Chris Paul,39.0,SAS,2292.0,Starter,Shot Creator,Low Activity,3.68,0.1,0.25,-0.15,Shot Creator / Low Activity,2296274.0,,,,1,2296274.0,2296274.0,2296274.0,0,2296274.0
244.0,2024-25,Kyle Lowry,38.0,PHI,659.0,Rotation,Movement Shooter,Helper,0.77,-0.6,-1.23,0.63,Movement Shooter / Helper,2296274.0,,,,1,2296274.0,2296274.0,2296274.0,0,2296274.0
422.0,2024-25,Bones Hyland,24.0,LAC/MIN,239.0,Rotation,Shot Creator,Chaser,0.46,0.6,1.13,-0.53,Shot Creator / Chaser,2296274.0,,,,1,2296274.0,2296274.0,2296274.0,0,2296274.0
164.0,2024-25,Garrett Temple,38.0,TOR,227.0,Garbage Time,Low Minute,Chaser,0.22,-0.87,-1.31,0.44,Low Minute / Chaser,2296274.0,,,,1,2296274.0,2296274.0,2296274.0,0,2296274.0
166.0,2024-25,Doug McDermott,33.0,SAC,342.0,Garbage Time,Low Minute,Chaser,0.09,-2.04,-1.39,-0.65,Low Minute / Chaser,2296274.0,,,,1,2296274.0,2296274.0,2296274.0,0,2296274.0
441.0,2024-25,Collin Gillespie,25.0,PHO,461.0,Rotation,Shot Creator,Point of Attack,1.09,1.3,1.3,0.0,Shot Creator / Point of Attack,2296274.0,,,,1,2296274.0,2296274.0,2296274.0,0,2296274.0
482.0,2024-25,Josh Okogie,26.0,PHO/CHO,625.0,Rotation,Stationary Shooter,Wing Stopper,1.26,0.76,0.02,0.74,Stationary Shooter / Wing Stopper,2296274.0,,,,1,2296274.0,2296274.0,2296274.0,0,2296274.0
495.0,2024-25,Jae'Sean Tate,29.0,HOU,588.0,Rotation,Stationary Shooter,Helper,0.44,-1.27,-1.62,0.35,Stationary Shooter / Helper,2296274.0,,,,1,2296274.0,2296274.0,2296274.0,0,2296274.0
485.0,2024-25,Amir Coffey,27.0,LAC,1748.0,Key Rotation,Stationary Shooter,Chaser,1.22,-1.33,-0.92,-0.41,Stationary Shooter / Chaser,2296274.0,,,,1,2296274.0,2296274.0,2296274.0,0,2296274.0
491.0,2024-25,Javonte Green,31.0,NOP/CLE,1258.0,Key Rotation,Stationary Shooter,Wing Stopper,0.55,-1.74,-2.1,0.36,Stationary Shooter / Wing Stopper,2296274.0,,,,1,2296274.0,2296274.0,2296274.0,0,2296274.0
40.0,2024-25,Mason Plumlee,34.0,PHO,1300.0,Rotation,Athletic Finisher,Anchor Big,2.49,0.59,-1.15,1.74,Athletic Finisher / Anchor Big,2296274.0,,,,1,2296274.0,2296274.0,2296274.0,0,2296274.0
38.0,2024-25,Bismack Biyombo,32.0,SAS,528.0,Rotation,Athletic Finisher,Mobile Big,0.47,-1.03,-2.66,1.63,Athletic Finisher / Mobile Big,2296274.0,,,,1,2296274.0,2296274.0,2296274.0,0,2296274.0
517.0,2024-25,Pelle Larsson,23.0,MIA,782.0,Rotation,Stationary Shooter,Chaser,0.74,-0.94,-1.47,0.53,Stationary Shooter / Chaser,,2296271.0,,,1,2296271.0,2296271.0,2296271.0,0,2296271.0
267.0,2024-25,Jamison Battle,23.0,TOR,1042.0,Rotation,Off Screen Shooter,Low Activity,0.21,-2.12,-1.32,-0.81,Off Screen Shooter / Low Activity,,2296271.0,,,1,2296271.0,2296271.0,2296271.0,0,2296271.0
91.0,2024-25,JD Davison,22.0,BOS,93.0,Garbage Time,Low Minute,Point of Attack,0.1,-0.65,-0.44,-0.21,Low Minute / Point of Attack,2270735.0,,,,1,2270735.0,2270735.0,2270735.0,0,2270735.0
127.0,2024-25,Hunter Tyson,24.0,DEN,400.0,Garbage Time,Low Minute,Helper,0.08,-2.13,-1.96,-0.17,Low Minute / Helper,2221677.0,,,,1,2221677.0,2221677.0,2221677.0,0,2221677.0
510.0,2024-25,Toumani Camara,24.0,POR,2548.0,Starter,Stationary Shooter,Wing Stopper,2.69,-0.76,-1.23,0.47,Stationary Shooter / Wing Stopper,2221677.0,,,,1,2221677.0,2221677.0,2221677.0,0,2221677.0
109.0,2024-25,Rayan Rupert,20.0,POR,460.0,Garbage Time,Low Minute,Point of Attack,-0.05,-2.63,-2.28,-0.34,Low Minute / Point of Attack,2221677.0,,,,1,2221677.0,2221677.0,2221677.0,0,2221677.0
204.0,2024-25,Gui Santos,22.0,GSW,762.0,Rotation,Movement Shooter,Helper,0.61,-1.17,-1.25,0.08,Movement Shooter / Helper,2221677.0,,,,1,2221677.0,2221677.0,2221677.0,0,2221677.0
232.0,2024-25,Ricky Council IV,23.0,PHI,1250.0,Rotation,Movement Shooter,Helper,0.8,-1.43,-0.18,-1.25,Movement Shooter / Helper,2221677.0,,,,1,2221677.0,2221677.0,2221677.0,0,2221677.0
358.0,2024-25,Jalen Pickett,25.0,DEN,666.0,Rotation,Secondary Ball Handler,Point of Attack,0.46,-1.35,-0.94,-0.42,Secondary Ball Handler / Point of Attack,2221677.0,,,,1,2221677.0,2221677.0,2221677.0,0,2221677.0
513.0,2024-25,Julian Phillips,21.0,CHI,1123.0,Rotation,Stationary Shooter,Helper,0.77,-1.35,-1.34,-0.01,Stationary Shooter / Helper,2221677.0,,,,1,2221677.0,2221677.0,2221677.0,0,2221677.0
500.0,2024-25,Jalen Wilson,24.0,BRK,2031.0,Key Rotation,Stationary Shooter,Helper,-0.6,-2.93,-1.72,-1.21,Stationary Shooter / Helper,2221677.0,,,,1,2221677.0,2221677.0,2221677.0,0,2221677.0
511.0,2024-25,Jaylen Clark,23.0,MIN,522.0,Rotation,Stationary Shooter,Point of Attack,0.38,-1.28,-1.47,0.2,Stationary Shooter / Point of Attack,2191897.0,,,,1,2191897.0,2191897.0,2191897.0,0,2191897.0
215.0,2024-25,Tyrese Martin,25.0,BRK,1315.0,Key Rotation,Movement Shooter,Chaser,0.41,-1.95,-1.04,-0.91,Movement Shooter / Chaser,2191897.0,,,,1,2191897.0,2191897.0,2191897.0,0,2191897.0
150.0,2024-25,Isaac Jones,24.0,SAC,304.0,Garbage Time,Low Minute,Helper,0.22,-1.27,-1.76,0.49,Low Minute / Helper,1955377.0,,,,1,1955377.0,1955377.0,1955377.0,0,1955377.0
35.0,2024-25,Jonathan Mogbo,23.0,TOR,1286.0,Key Rotation,Athletic Finisher,Helper,0.92,-1.3,-2.06,0.76,Athletic Finisher / Helper,1955377.0,,,,1,1955377.0,1955377.0,1955377.0,0,1955377.0
322.0,2024-25,Jamal Shead,22.0,TOR,1467.0,Rotation,Primary Ball Handler,Point of Attack,0.32,-2.1,-1.55,-0.55,Primary Ball Handler / Point of Attack,1955377.0,,,,1,1955377.0,1955377.0,1955377.0,0,1955377.0
551.0,2024-25,Drew Timme,24.0,BRK,254.0,Starter,Stretch Big,Mobile Big,0.28,-0.68,-0.52,-0.16,Stretch Big / Mobile Big,1955377.0,,,,1,1955377.0,1955377.0,1955377.0,0,1955377.0
347.0,2024-25,Karlo Matković,23.0,NOP,791.0,Rotation,Roll + Cut Big,Mobile Big,0.59,-1.27,-2.07,0.81,Roll + Cut Big / Mobile Big,1955377.0,,,,1,1955377.0,1955377.0,1955377.0,0,1955377.0
139.0,2024-25,Keshad Johnson,23.0,MIA,98.0,Garbage Time,Low Minute,Helper,0.14,-0.15,-0.81,0.66,Low Minute / Helper,1955377.0,,,,1,1955377.0,1955377.0,1955377.0,0,1955377.0
523.0,2024-25,Quinten Post,24.0,GSW,686.0,Rotation,Stationary Shooter,Mobile Big,1.06,0.01,-0.29,0.29,Stationary Shooter / Mobile Big,1955377.0,,,,1,1955377.0,1955377.0,1955377.0,0,1955377.0
78.0,2024-25,Ariel Hukporti,22.0,NYK,217.0,Garbage Time,Low Minute,Anchor Big,0.06,-2.03,-2.94,0.91,Low Minute / Anchor Big,1955377.0,,,,1,1955377.0,1955377.0,1955377.0,0,1955377.0
81.0,2024-25,E.J. Liddell,24.0,CHI,53.0,Garbage Time,Low Minute,Helper,0.08,-0.03,-0.31,0.28,Low Minute / Helper,1413796.0,,,,1,1413796.0,1413796.0,1413796.0,0,1413796.0
29.0,2024-25,Olivier-Maxence Prosper,22.0,DAL,584.0,Rotation,Athletic Finisher,Helper,0.78,-0.32,-0.4,0.07,Athletic Finisher / Helper,3007080.0,1002360.0,,,2,4009440.0,2004720.0,1002360.0,1,1002360.0
61.0,2024-25,James Wiseman,23.0,IND,5.0,Too Few Games,Low Minute,Helper,0.01,-0.42,-0.05,-0.37,Low Minute / Helper,1000000.0,,,,1,1000000.0,1000000.0,1000000.0,0,1000000.0
119.0,2024-25,Jordan Walsh,20.0,BOS,403.0,Garbage Time,Low Minute,Low Activity,0.05,-2.25,-2.73,0.48,Low Minute / Low Activity,200000.0,,,,1,200000.0,200000.0,200000.0,0,200000.0
198.0,2024-25,Jaden Springer,22.0,BOS/UTA,365.0,Garbage Time,Movement Shooter,Point of Attack,0.48,-0.34,-0.69,0.35,Movement Shooter / Point of Attack,70732.0,,,,1,70732.0,70732.0,70732.0,0,70732.0
