Season,Player,Age,Team(s),Minutes,Rotation Role,Offensive Archetype,Defensive Role,LEBRON WAR,LEBRON,O-LEBRON,D-LEBRON
,,,,,,,,,,,
2025-26,Shai Gilgeous-Alexander,27,OKC,739,Star,Shot Creator,Helper,4.84,8.67,6.45,2.22
2025-26,Nikola Jokić,30,DEN,732,Star,Post Scorer,Anchor Big,4.55,7.99,7.32,0.67
2025-26,Luka Dončić,26,LAL,591,Star,Shot Creator,Helper,3.31,6.8,6.42,0.38
2025-26,Karl-Anthony Towns,30,NYK,707,Star,Versatile Big,Mobile Big,2.83,3.98,3.01,0.97
2025-26,Mikal Bridges,29,NYK,736,Starter,Movement Shooter,Point of Attack,2.72,3.46,1.85,1.62
2025-26,Cade Cunningham,24,DET,697,Star,Shot Creator,Chaser,2.71,3.79,3.2,0.59
2025-26,Tyrese Maxey,25,PHI,802,Star,Shot Creator,Chaser,2.61,2.75,3.25,-0.5
2025-26,Franz Wagner,24,ORL,760,Star,Shot Creator,Wing Stopper,2.57,2.96,2.29,0.67
2025-26,Alperen Sengun,23,HOU,682,Star,Shot Creator,Helper,2.45,3.32,2.23,1.09
2025-26,Austin Reaves,27,LAL,622,Star,Shot Creator,Chaser,2.43,3.82,4.02,-0.2
2025-26,Donovan Mitchell,29,CLE,721,Star,Shot Creator,Helper,2.42,2.91,3.71,-0.8
2025-26,Derrick White,31,BOS,667,Star,Primary Ball Handler,Chaser,2.37,3.22,2.16,1.07
2025-26,James Harden,36,LAC,738,Star,Shot Creator,Chaser,2.36,2.65,3.9,-1.26
2025-26,Evan Mobley,24,CLE,750,Star,Stretch Big,Mobile Big,2.31,2.46,1.13,1.33
2025-26,Jalen Brunson,29,NYK,660,Star,Shot Creator,Low Activity,2.29,3.1,4.06,-0.96
2025-26,Jamal Murray,28,DEN,697,Star,Primary Ball Handler,Chaser,2.28,2.78,3.42,-0.65
2025-26,Deni Avdija,25,POR,755,Starter,Shot Creator,Helper,2.27,2.35,2.64,-0.29
2025-26,Scottie Barnes,24,TOR,739,Starter,Athletic Finisher,Wing Stopper,2.23,2.35,0.76,1.59
2025-26,Jaylen Brown,29,BOS,702,Star,Shot Creator,Helper,2.18,2.5,3.13,-0.64
2025-26,Julius Randle,31,MIN,703,Starter,Shot Creator,Helper,2.17,2.47,2.67,-0.2
2025-26,Devin Booker,29,PHO,763,Star,Shot Creator,Helper,2.16,2.06,2.13,-0.07
2025-26,Isaiah Hartenstein,27,OKC,528,Key Rotation,Athletic Finisher,Mobile Big,2.16,4.12,0.99,3.13
2025-26,Ajay Mitchell,23,OKC,588,Key Rotation,Slasher,Chaser,2.15,3.42,1.07,2.35
2025-26,Jalen Johnson,24,ATL,697,Starter,Shot Creator,Helper,2.1,2.36,1.61,0.75
2025-26,Chet Holmgren,23,OKC,532,Star,Stretch Big,Helper,2.08,3.84,1.01,2.83
2025-26,Jimmy Butler,36,GSW,617,Star,Shot Creator,Helper,2.05,2.86,2.42,0.44
2025-26,Giannis Antetokounmpo,31,MIL,495,Star,Shot Creator,Helper,1.96,3.89,4.44,-0.55
2025-26,Victor Wembanyama,22,SAS,416,Star,Shot Creator,Anchor Big,1.94,5.1,1.94,3.16
2025-26,Payton Pritchard,28,BOS,677,Starter,Shot Creator,Chaser,1.84,1.87,2.48,-0.61
2025-26,Desmond Bane,27,ORL,726,Starter,Primary Ball Handler,Chaser,1.81,1.51,1.27,0.24
2025-26,Josh Hart,30,NYK,584,Starter,Movement Shooter,Wing Stopper,1.79,2.43,1.08,1.35
2025-26,Anthony Edwards,24,MIN,580,Star,Shot Creator,Chaser,1.79,2.46,3.41,-0.95
2025-26,Amen Thompson,23,HOU,690,Starter,Shot Creator,Point of Attack,1.79,1.68,0.83,0.85
2025-26,Cason Wallace,22,OKC,599,Starter,Movement Shooter,Point of Attack,1.78,2.3,-0.48,2.78
2025-26,Kevin Durant,37,HOU,607,Starter,Shot Creator,Helper,1.74,2.1,1.56,0.54
2025-26,Immanuel Quickley,26,TOR,712,Starter,Primary Ball Handler,Point of Attack,1.67,1.29,0.91,0.37
2025-26,Collin Gillespie,26,PHO,589,Starter,Primary Ball Handler,Point of Attack,1.64,1.99,1.41,0.58
2025-26,Jalen Duren,22,DET,553,Starter,Shot Creator,Mobile Big,1.62,2.23,1.12,1.1
2025-26,Josh Giddey,23,CHI,649,Starter,Primary Ball Handler,Helper,1.5,1.22,1.63,-0.41
2025-26,Donte DiVincenzo,29,MIN,662,Starter,Off Screen Shooter,Chaser,1.48,1.1,0.96,0.13
2025-26,Donovan Clingan,21,POR,530,Key Rotation,Stretch Big,Anchor Big,1.45,1.91,0.78,1.13
2025-26,Stephen Curry,37,GSW,496,Star,Primary Ball Handler,Chaser,1.45,2.21,2.92,-0.7
2025-26,LaMelo Ball,24,CHO,451,Star,Primary Ball Handler,Point of Attack,1.42,2.57,3.13,-0.57
2025-26,Jabari Smith Jr.,22,HOU,599,Starter,Shot Creator,Helper,1.4,1.28,0.06,1.22
2025-26,Rudy Gobert,33,MIN,675,Starter,Athletic Finisher,Anchor Big,1.39,0.83,-0.93,1.76
2025-26,Kel'el Ware,21,MIA,538,Key Rotation,Athletic Finisher,Mobile Big,1.36,1.56,-0.38,1.94
2025-26,Anthony Black,22,ORL,609,Starter,Primary Ball Handler,Point of Attack,1.34,1.05,-0.07,1.12
2025-26,Onyeka Okongwu,25,ATL,674,Starter,Stretch Big,Mobile Big,1.32,0.66,-0.49,1.16
2025-26,Devin Vassell,25,SAS,689,Starter,Off Screen Shooter,Chaser,1.31,0.58,0.33,0.25
2025-26,Bam Adebayo,28,MIA,485,Star,Shot Creator,Mobile Big,1.3,1.83,0.81,1.01
2025-26,Neemias Queta,26,BOS,452,Starter,Athletic Finisher,Anchor Big,1.29,2.11,0.19,1.92
2025-26,Dyson Daniels,22,ATL,779,Starter,Slasher,Point of Attack,1.29,0.17,-1.17,1.34
2025-26,Paolo Banchero,23,ORL,393,Starter,Shot Creator,Wing Stopper,1.28,2.73,1.7,1.03
2025-26,Keldon Johnson,26,SAS,513,Key Rotation,Movement Shooter,Helper,1.27,1.5,1.21,0.29
2025-26,Jalen Suggs,24,ORL,418,Key Rotation,Primary Ball Handler,Point of Attack,1.27,2.4,1.25,1.15
2025-26,Naz Reid,26,MIN,530,Key Rotation,Movement Shooter,Helper,1.26,1.33,0.24,1.09
2025-26,Mark Williams,24,PHO,457,Key Rotation,Athletic Finisher,Anchor Big,1.24,1.85,-0.07,1.93
2025-26,Santi Aldama,25,MEM,572,Starter,Movement Shooter,Helper,1.23,0.96,0.06,0.91
2025-26,Royce O'Neale,32,PHO,665,Starter,Movement Shooter,Helper,1.22,0.47,-0.68,1.15
2025-26,Wendell Carter Jr.,26,ORL,620,Starter,Stretch Big,Mobile Big,1.22,0.68,-0.47,1.15
2025-26,Julian Champagnie,24,SAS,599,Key Rotation,Movement Shooter,Helper,1.21,0.75,-0.23,0.98
2025-26,Moussa Diabate,24,CHO,500,Key Rotation,Athletic Finisher,Mobile Big,1.2,1.36,0.17,1.19
2025-26,Reed Sheppard,21,HOU,481,Starter,Primary Ball Handler,Chaser,1.19,1.47,0.54,0.94
2025-26,Davion Mitchell,27,MIA,664,Starter,Shot Creator,Point of Attack,1.18,0.38,-0.38,0.76
2025-26,Kawhi Leonard,34,LAC,378,Star,Shot Creator,Wing Stopper,1.18,2.53,2.42,0.11
2025-26,Myles Turner,29,MIL,670,Starter,Movement Shooter,Mobile Big,1.17,0.33,-0.86,1.19
2025-26,De'Aaron Fox,28,SAS,428,Star,Shot Creator,Point of Attack,1.16,1.88,2.59,-0.71
2025-26,Miles Bridges,27,CHO,764,Starter,Shot Creator,Helper,1.16,-0.03,1.06,-1.09
2025-26,Goga Bitadze,26,ORL,356,Rotation,Athletic Finisher,Mobile Big,1.16,2.74,-0.15,2.88
2025-26,Duncan Robinson,31,DET,641,Starter,Off Screen Shooter,Low Activity,1.16,0.43,-0.11,0.54
2025-26,Ausar Thompson,23,DET,507,Starter,Athletic Finisher,Point of Attack,1.16,1.18,-0.53,1.71
2025-26,Brandon Ingram,28,TOR,747,Starter,Shot Creator,Helper,1.13,-0.05,-0.11,0.06
2025-26,Ivica Zubac,28,LAC,713,Starter,Post Scorer,Anchor Big,1.13,0.07,-0.13,0.2
2025-26,Stephon Castle,21,SAS,416,Starter,Primary Ball Handler,Point of Attack,1.13,1.88,1.31,0.57
2025-26,Lauri Markkanen,28,UTA,712,Starter,Off Screen Shooter,Wing Stopper,1.12,0.06,2.03,-1.97
2025-26,Peyton Watson,23,DEN,568,Key Rotation,Movement Shooter,Point of Attack,1.12,0.67,-0.3,0.97
2025-26,Norman Powell,32,MIA,521,Starter,Shot Creator,Chaser,1.11,0.94,1.27,-0.33
2025-26,Jaylin Williams,23,OKC,383,Rotation,Movement Shooter,Anchor Big,1.11,2.15,-0.01,2.16
2025-26,Michael Porter Jr.,27,BRK,591,Starter,Movement Shooter,Helper,1.05,0.37,1.83,-1.46
2025-26,Jaime Jaquez Jr.,24,MIA,608,Key Rotation,Shot Creator,Helper,1.05,0.3,0.07,0.23
2025-26,Jerami Grant,31,POR,618,Starter,Movement Shooter,Helper,1.04,0.23,0.66,-0.43
2025-26,Isaiah Joe,26,OKC,397,Key Rotation,Movement Shooter,Low Activity,1.03,1.7,1.42,0.27
2025-26,Kristaps Porziņģis,30,ATL,316,Key Rotation,Versatile Big,Mobile Big,1.03,2.75,2.46,0.29
2025-26,Nickeil Alexander-Walker,27,ATL,687,Starter,Primary Ball Handler,Point of Attack,1.02,-0.09,0.31,-0.4
2025-26,Deandre Ayton,27,LAL,529,Starter,Athletic Finisher,Anchor Big,1.0,0.56,-0.38,0.94
2025-26,Ryan Rollins,23,MIL,751,Starter,Primary Ball Handler,Point of Attack,1.0,-0.32,0.26,-0.58
2025-26,Harrison Barnes,33,SAS,651,Starter,Movement Shooter,Wing Stopper,1.0,0.0,-0.05,0.05
2025-26,Grayson Allen,30,PHO,443,Starter,Primary Ball Handler,Chaser,0.99,1.1,1.17,-0.08
2025-26,Brandin Podziemski,22,GSW,623,Starter,Primary Ball Handler,Chaser,0.99,0.07,-0.96,1.03
2025-26,Jrue Holiday,35,POR,401,Starter,Shot Creator,Wing Stopper,0.99,1.48,1.41,0.07
2025-26,RJ Barrett,25,TOR,526,Starter,Movement Shooter,Helper,0.97,0.48,0.73,-0.25
2025-26,Miles McBride,25,NYK,496,Key Rotation,Movement Shooter,Point of Attack,0.95,0.6,0.55,0.05
2025-26,Pascal Siakam,31,IND,720,Starter,Shot Creator,Helper,0.94,-0.38,0.8,-1.18
2025-26,De'Andre Hunter,28,CLE,551,Starter,Movement Shooter,Wing Stopper,0.94,0.26,0.64,-0.38
2025-26,Tristan da Silva,24,ORL,520,Key Rotation,Movement Shooter,Helper,0.94,0.44,0.07,0.37
2025-26,Jarrett Allen,27,CLE,392,Key Rotation,Athletic Finisher,Mobile Big,0.92,1.29,0.32,0.97
2025-26,Isaiah Stewart,24,DET,425,Key Rotation,Stretch Big,Mobile Big,0.92,1.0,-1.2,2.2
2025-26,Nic Claxton,26,BRK,636,Starter,Shot Creator,Mobile Big,0.9,-0.21,-0.3,0.09
2025-26,OG Anunoby,28,NYK,373,Starter,Movement Shooter,Wing Stopper,0.89,1.34,0.4,0.95
2025-26,Cam Spencer,25,MEM,449,Key Rotation,Secondary Ball Handler,Low Activity,0.88,0.66,0.68,-0.02
2025-26,Trey Murphy III,25,NOP,716,Starter,Movement Shooter,Helper,0.87,-0.52,0.5,-1.02
2025-26,Jamal Shead,23,TOR,417,Key Rotation,Primary Ball Handler,Point of Attack,0.86,0.84,0.2,0.64
2025-26,Jake LaRavia,24,LAL,513,Key Rotation,Movement Shooter,Helper,0.85,0.19,-0.4,0.59
2025-26,Vince Williams Jr.,25,MEM,387,Key Rotation,Primary Ball Handler,Wing Stopper,0.85,1.05,0.04,1.02
2025-26,Jaylon Tyson,23,CLE,486,Starter,Movement Shooter,Chaser,0.85,0.32,-0.11,0.43
2025-26,Tim Hardaway Jr.,33,DEN,518,Key Rotation,Off Screen Shooter,Chaser,0.85,0.14,1.17,-1.03
2025-26,Dillon Brooks,30,PHO,502,Starter,Shot Creator,Wing Stopper,0.83,0.18,0.64,-0.46
2025-26,Shaedon Sharpe,22,POR,506,Starter,Primary Ball Handler,Helper,0.82,0.12,0.98,-0.87
2025-26,Jaden McDaniels,25,MIN,636,Starter,Movement Shooter,Point of Attack,0.81,-0.41,-1.13,0.72
2025-26,Aaron Gordon,30,DEN,368,Starter,Shot Creator,Wing Stopper,0.81,1.04,1.6,-0.56
2025-26,Luke Kornet,30,SAS,349,Key Rotation,Athletic Finisher,Anchor Big,0.8,1.19,-0.35,1.54
2025-26,Anfernee Simons,26,BOS,504,Starter,Shot Creator,Chaser,0.8,0.06,1.07,-1.01
2025-26,Jordan Goodwin,27,PHO,384,Rotation,Movement Shooter,Chaser,0.79,0.83,0.37,0.46
2025-26,Andrew Wiggins,30,MIA,629,Starter,Shot Creator,Helper,0.79,-0.45,-0.75,0.3
2025-26,Nikola Vučević,35,CHI,619,Starter,Versatile Big,Mobile Big,0.78,-0.46,0.27,-0.73
2025-26,Andre Drummond,32,PHI,421,Rotation,Athletic Finisher,Mobile Big,0.77,0.44,-1.01,1.45
2025-26,Brandon Williams,26,DAL,450,Key Rotation,Primary Ball Handler,Point of Attack,0.76,0.25,-0.08,0.33
2025-26,Dean Wade,29,CLE,461,Key Rotation,Movement Shooter,Wing Stopper,0.74,0.11,-1.11,1.22
2025-26,Luguentz Dort,26,OKC,437,Starter,Movement Shooter,Point of Attack,0.73,0.2,-0.86,1.06
2025-26,Cameron Johnson,29,DEN,587,Starter,Movement Shooter,Helper,0.73,-0.47,0.1,-0.57
2025-26,Ryan Dunn,23,PHO,405,Key Rotation,Movement Shooter,Point of Attack,0.73,0.4,-0.7,1.1
2025-26,Lonzo Ball,28,CLE,401,Key Rotation,Primary Ball Handler,Chaser,0.72,0.4,-0.21,0.62
2025-26,Naji Marshall,28,DAL,632,Starter,Movement Shooter,Wing Stopper,0.72,-0.65,-1.11,0.46
2025-26,Cedric Coward,22,MEM,598,Starter,Movement Shooter,Wing Stopper,0.72,-0.53,-0.91,0.38
2025-26,Dru Smith,28,MIA,375,Rotation,Shot Creator,Point of Attack,0.71,0.55,-0.36,0.91
2025-26,Josh Minott,23,BOS,384,Rotation,Movement Shooter,Helper,0.71,0.5,-0.16,0.67
2025-26,Ja Morant,26,MEM,345,Starter,Shot Creator,Chaser,0.7,0.79,1.08,-0.28
2025-26,Derik Queen,21,NOP,534,Key Rotation,Shot Creator,Anchor Big,0.7,-0.37,-0.36,-0.01
2025-26,Alex Caruso,31,OKC,282,Rotation,Movement Shooter,Wing Stopper,0.69,1.45,0.07,1.38
2025-26,Sandro Mamukelashvili,26,TOR,398,Key Rotation,Stretch Big,Mobile Big,0.69,0.3,0.14,0.16
2025-26,Jay Huff,27,IND,392,Rotation,Movement Shooter,Mobile Big,0.68,0.3,-1.43,1.73
2025-26,Ryan Kalkbrenner,24,CHO,512,Starter,Athletic Finisher,Anchor Big,0.68,-0.33,-2.09,1.76
2025-26,Draymond Green,35,GSW,553,Starter,Movement Shooter,Helper,0.68,-0.49,-1.94,1.45
2025-26,Collin Sexton,27,CHO,530,Key Rotation,Primary Ball Handler,Point of Attack,0.67,-0.43,0.42,-0.85
2025-26,Moses Moody,23,GSW,510,Key Rotation,Off Screen Shooter,Point of Attack,0.67,-0.37,-0.79,0.42
2025-26,Keyonte George,22,UTA,681,Starter,Shot Creator,Point of Attack,0.67,-0.89,0.91,-1.81
2025-26,Tre Jones,26,CHI,486,Starter,Slasher,Point of Attack,0.66,-0.28,-0.4,0.12
2025-26,Kyle Kuzma,30,MIL,564,Key Rotation,Athletic Finisher,Wing Stopper,0.65,-0.61,-0.73,0.12
2025-26,Jaren Jackson Jr.,26,MEM,591,Star,Shot Creator,Helper,0.64,-0.74,-1.49,0.75
2025-26,P.J. Washington,27,DAL,602,Starter,Movement Shooter,Wing Stopper,0.64,-0.76,-1.6,0.84
2025-26,Quentin Grimes,25,PHI,628,Starter,Shot Creator,Chaser,0.64,-0.83,-0.39,-0.44
2025-26,Sam Hauser,28,BOS,465,Key Rotation,Off Screen Shooter,Helper,0.64,-0.26,-0.2,-0.06
2025-26,Zaccharie Risacher,20,ATL,503,Key Rotation,Movement Shooter,Helper,0.64,-0.43,-0.79,0.37
2025-26,Steven Adams,32,HOU,341,Key Rotation,Athletic Finisher,Anchor Big,0.64,0.55,0.27,0.28
2025-26,Pelle Larsson,24,MIA,496,Key Rotation,Movement Shooter,Chaser,0.63,-0.42,-0.64,0.22
2025-26,Ronald Holland II,20,DET,467,Key Rotation,Movement Shooter,Point of Attack,0.63,-0.31,-1.7,1.39
2025-26,Anthony Davis,32,DAL,238,Star,Shot Creator,Anchor Big,0.62,1.67,0.84,0.83
2025-26,Zion Williamson,25,NOP,309,Star,Shot Creator,Helper,0.61,0.68,1.01,-0.33
2025-26,Cooper Flagg,19,DAL,743,Starter,Shot Creator,Helper,0.61,-1.15,-1.56,0.4
2025-26,Jonas Valančiūnas,33,DEN,262,Rotation,Post Scorer,Anchor Big,0.61,1.23,1.1,0.13
2025-26,Marcus Smart,31,LAL,375,Key Rotation,Primary Ball Handler,Point of Attack,0.61,0.12,-0.52,0.64
2025-26,Jusuf Nurkić,31,UTA,491,Starter,Roll + Cut Big,Mobile Big,0.61,-0.47,-2.19,1.71
2025-26,Craig Porter Jr.,25,CLE,339,Rotation,Secondary Ball Handler,Point of Attack,0.6,0.37,-0.73,1.1
2025-26,Javonte Green,32,DET,423,Rotation,Movement Shooter,Helper,0.59,-0.24,-1.54,1.31
2025-26,Saddiq Bey,26,NOP,601,Starter,Shot Creator,Helper,0.59,-0.89,0.48,-1.37
2025-26,Toumani Camara,25,POR,750,Starter,Movement Shooter,Point of Attack,0.59,-1.21,-0.93,-0.27
2025-26,Alex Sarr,20,WAS,475,Starter,Athletic Finisher,Mobile Big,0.59,-0.47,-0.17,-0.3
2025-26,Quinten Post,25,GSW,354,Rotation,Movement Shooter,Mobile Big,0.59,0.22,-0.75,0.97
2025-26,Tobias Harris,33,DET,385,Starter,Versatile Big,Wing Stopper,0.59,-0.01,0.19,-0.2
2025-26,Jalen Smith,25,CHI,307,Rotation,Stretch Big,Mobile Big,0.58,0.55,0.64,-0.09
2025-26,Zach Edey,23,MEM,233,Key Rotation,Post Scorer,Anchor Big,0.58,1.55,-0.46,2.0
2025-26,Bruce Brown,29,DEN,488,Key Rotation,Athletic Finisher,Point of Attack,0.57,-0.59,-0.8,0.21
2025-26,Kon Knueppel,20,CHO,737,Starter,Movement Shooter,Chaser,0.57,-1.22,-0.17,-1.04
2025-26,Mike Conley,38,MIN,409,Key Rotation,Primary Ball Handler,Point of Attack,0.57,-0.21,-0.48,0.26
2025-26,Russell Westbrook,37,SAC,620,Key Rotation,Shot Creator,Helper,0.56,-1.02,-0.4,-0.63
2025-26,Simone Fontecchio,30,MIA,398,Rotation,Off Screen Shooter,Chaser,0.55,-0.27,0.13,-0.4
2025-26,Jaylen Wells,22,MEM,582,Starter,Movement Shooter,Point of Attack,0.54,-0.99,-0.73,-0.26
2025-26,Daniss Jenkins,24,DET,322,Rotation,Shot Creator,Point of Attack,0.54,0.23,0.34,-0.11
2025-26,Jakob Poeltl,30,TOR,423,Starter,Athletic Finisher,Mobile Big,0.52,-0.5,-1.32,0.83
2025-26,Josh Okogie,27,HOU,399,Rotation,Movement Shooter,Chaser,0.52,-0.37,-0.99,0.62
2025-26,Rui Hachimura,27,LAL,628,Starter,Versatile Big,Wing Stopper,0.52,-1.13,-0.63,-0.5
2025-26,Jaxson Hayes,25,LAL,295,Rotation,Athletic Finisher,Anchor Big,0.52,0.32,-0.79,1.12
2025-26,Aaron Wiggins,27,OKC,290,Key Rotation,Movement Shooter,Helper,0.52,0.43,0.5,-0.07
2025-26,Dylan Harper,19,SAS,234,Key Rotation,Slasher,Point of Attack,0.52,1.07,1.18,-0.1
2025-26,VJ Edgecombe,20,PHI,606,Starter,Primary Ball Handler,Chaser,0.52,-1.09,-0.99,-0.1
2025-26,Daniel Gafford,27,DAL,343,Key Rotation,Athletic Finisher,Mobile Big,0.5,-0.15,-2.07,1.92
2025-26,Day'Ron Sharpe,24,BRK,319,Rotation,Athletic Finisher,Mobile Big,0.49,-0.01,-1.21,1.2
2025-26,Gary Payton II,33,GSW,261,Rotation,Movement Shooter,Point of Attack,0.48,0.46,-0.17,0.63
2025-26,John Collins,28,LAC,595,Starter,Post Scorer,Helper,0.48,-1.18,-1.21,0.03
2025-26,Jordan Clarkson,33,NYK,408,Rotation,Movement Shooter,Chaser,0.48,-0.57,0.22,-0.78
2025-26,Robert Williams III,28,POR,200,Rotation,Athletic Finisher,Anchor Big,0.46,1.24,-0.37,1.61
2025-26,D'Angelo Russell,29,DAL,398,Key Rotation,Primary Ball Handler,Chaser,0.45,-0.66,0.4,-1.06
2025-26,Kevin Huerter,27,CHI,458,Key Rotation,Movement Shooter,Chaser,0.45,-0.88,-0.62,-0.25
2025-26,Jarred Vanderbilt,26,LAL,257,Rotation,Athletic Finisher,Helper,0.45,0.31,-1.07,1.38
2025-26,Christian Braun,24,DEN,325,Starter,Athletic Finisher,Point of Attack,0.45,-0.23,0.08,-0.32
2025-26,Oso Ighodaro,23,PHO,377,Rotation,Shot Creator,Mobile Big,0.45,-0.54,-2.49,1.96
2025-26,Paul Reed,26,DET,200,Garbage Time,Athletic Finisher,Mobile Big,0.44,1.04,-0.03,1.07
2025-26,Brice Sensabaugh,22,UTA,304,Rotation,Off Screen Shooter,Helper,0.44,-0.17,0.18,-0.35
2025-26,Jordan Walsh,21,BOS,338,Key Rotation,Movement Shooter,Wing Stopper,0.44,-0.37,-1.51,1.14
2025-26,Will Richard,23,GSW,374,Key Rotation,Movement Shooter,Chaser,0.44,-0.59,-0.68,0.09
2025-26,Landry Shamet,28,NYK,314,Key Rotation,Movement Shooter,Chaser,0.43,-0.26,-0.26,0.0
2025-26,John Konchar,29,MEM,253,Rotation,Movement Shooter,Helper,0.43,0.25,-1.45,1.69
2025-26,Keaton Wallace,26,ATL,322,Rotation,Shot Creator,Point of Attack,0.43,-0.33,-0.84,0.5
2025-26,Kyle Filipowski,22,UTA,401,Rotation,Movement Shooter,Helper,0.43,-0.74,-0.93,0.2
2025-26,Keegan Murray,25,SAC,270,Starter,Off Screen Shooter,Wing Stopper,0.42,0.03,-0.73,0.76
2025-26,Caleb Love,24,POR,256,Rotation,Movement Shooter,Chaser,0.42,0.13,0.77,-0.65
2025-26,Egor Dëmin,19,BRK,437,Key Rotation,Primary Ball Handler,Chaser,0.42,-0.92,-0.99,0.06
2025-26,T.J. McConnell,33,IND,203,Rotation,Slasher,Chaser,0.42,0.87,0.19,0.68
2025-26,Tyus Jones,29,ORL,299,Rotation,Movement Shooter,Point of Attack,0.41,-0.26,-0.75,0.49
2025-26,Nae'Qwan Tomlin,25,CLE,237,Rotation,Stretch Big,Helper,0.41,0.29,-0.34,0.63
2025-26,Brook Lopez,37,LAC,245,Rotation,Versatile Big,Mobile Big,0.41,0.23,-0.37,0.59
2025-26,Domantas Sabonis,29,SAC,365,Starter,Roll + Cut Big,Mobile Big,0.4,-0.69,-1.14,0.45
2025-26,Jock Landale,30,MEM,476,Key Rotation,Versatile Big,Mobile Big,0.4,-1.11,-0.92,-0.19
2025-26,Sam Merrill,29,CLE,311,Key Rotation,Movement Shooter,Chaser,0.4,-0.41,0.46,-0.87
2025-26,Liam McNeeley,20,CHO,216,Rotation,Movement Shooter,Chaser,0.39,0.42,-0.44,0.86
2025-26,Derrick Jones Jr.,28,LAC,324,Key Rotation,Movement Shooter,Point of Attack,0.38,-0.6,-1.24,0.64
2025-26,Mouhamed Gueye,23,ATL,410,Rotation,Movement Shooter,Helper,0.38,-0.98,-1.98,1.0
2025-26,Matas Buzelis,21,CHI,598,Starter,Secondary Ball Handler,Helper,0.38,-1.44,-1.72,0.28
2025-26,Caris LeVert,31,DET,329,Rotation,Secondary Ball Handler,Chaser,0.37,-0.65,-0.47,-0.18
2025-26,Mitchell Robinson,27,NYK,223,Rotation,Athletic Finisher,Mobile Big,0.37,0.2,-0.66,0.87
2025-26,Aaron Nesmith,26,IND,335,Starter,Off Screen Shooter,Chaser,0.37,-0.7,0.49,-1.19
2025-26,Isaiah Jackson,24,IND,419,Rotation,Athletic Finisher,Mobile Big,0.37,-1.03,-1.65,0.61
2025-26,Kentavious Caldwell-Pope,32,MEM,483,Key Rotation,Movement Shooter,Wing Stopper,0.37,-1.22,-1.56,0.34
2025-26,Chris Paul,40,LAC,228,Rotation,Primary Ball Handler,Chaser,0.36,0.06,-0.57,0.63
2025-26,AJ Green,26,MIL,680,Starter,Movement Shooter,Helper,0.36,-1.62,-1.13,-0.49
2025-26,Brandon Miller,23,CHO,150,Key Rotation,Secondary Ball Handler,Point of Attack,0.36,1.35,0.89,0.47
2025-26,Isaiah Collier,21,UTA,262,Key Rotation,Slasher,Point of Attack,0.36,-0.29,-1.01,0.71
2025-26,Kevin Love,37,UTA,172,Rotation,Movement Shooter,Mobile Big,0.36,0.85,0.21,0.64
2025-26,Jonathan Kuminga,23,GSW,394,Starter,Shot Creator,Point of Attack,0.35,-1.04,-0.92,-0.12
2025-26,Vít Krejčí,25,ATL,436,Key Rotation,Movement Shooter,Chaser,0.35,-1.16,-1.11,-0.04
2025-26,Cam Thomas,24,BRK,226,Starter,Shot Creator,Chaser,0.35,0.0,0.74,-0.74
2025-26,Trendon Watford,25,PHI,286,Rotation,Athletic Finisher,Helper,0.35,-0.52,-0.69,0.16
2025-26,Sion James,23,CHO,586,Starter,Movement Shooter,Chaser,0.35,-1.5,-2.08,0.59
2025-26,Al Horford,39,GSW,261,Key Rotation,Movement Shooter,Mobile Big,0.35,-0.3,-1.24,0.93
2025-26,Kris Dunn,31,LAC,574,Starter,Primary Ball Handler,Point of Attack,0.34,-1.51,-1.89,0.38
2025-26,Jonathan Isaac,28,ORL,203,Garbage Time,Movement Shooter,Helper,0.34,0.19,-0.7,0.89
2025-26,Dalton Knecht,24,LAL,284,Rotation,Movement Shooter,Chaser,0.34,-0.55,-0.54,0.0
2025-26,Klay Thompson,35,DAL,484,Key Rotation,Off Screen Shooter,Low Activity,0.34,-1.32,-0.44,-0.89
2025-26,Bogdan Bogdanović,33,LAC,231,Key Rotation,Secondary Ball Handler,Chaser,0.34,-0.1,-0.31,0.2
2025-26,Luka Garza,27,BOS,239,Rotation,Stretch Big,Mobile Big,0.33,-0.28,-0.1,-0.18
2025-26,Jeremy Sochan,22,SAS,248,Rotation,Stretch Big,Wing Stopper,0.33,-0.33,-0.62,0.28
2025-26,Walter Clayton Jr.,22,UTA,254,Rotation,Primary Ball Handler,Point of Attack,0.33,-0.4,-0.78,0.38
2025-26,Joel Embiid,31,PHI,170,Key Rotation,Shot Creator,Anchor Big,0.33,0.66,0.63,0.03
2025-26,LeBron James,41,LAL,161,Star,Low Minute,Helper,0.33,0.83,0.73,0.1
2025-26,Andrew Nembhard,26,IND,431,Starter,Primary Ball Handler,Point of Attack,0.32,-1.28,0.36,-1.64
2025-26,Darius Garland,26,CLE,223,Starter,Primary Ball Handler,Point of Attack,0.31,-0.27,0.55,-0.82
2025-26,Jordan Poole,26,NOP,212,Starter,Primary Ball Handler,Chaser,0.31,-0.15,0.41,-0.56
2025-26,Cam Christie,20,LAC,174,Rotation,Secondary Ball Handler,Point of Attack,0.31,0.37,-0.1,0.48
2025-26,Buddy Hield,33,GSW,397,Rotation,Off Screen Shooter,Point of Attack,0.3,-1.25,-0.71,-0.53
2025-26,Marvin Bagley III,26,WAS,276,Rotation,Athletic Finisher,Mobile Big,0.3,-0.72,-0.64,-0.08
2025-26,Walker Kessler,24,UTA,154,Starter,Athletic Finisher,Mobile Big,0.3,0.68,-0.5,1.18
2025-26,Tyrese Martin,26,BRK,445,Key Rotation,Primary Ball Handler,Chaser,0.3,-1.36,-0.55,-0.82
2025-26,Gradey Dick,22,TOR,358,Rotation,Off Screen Shooter,Low Activity,0.3,-1.11,-0.99,-0.12
2025-26,Tyrese Proctor,21,CLE,223,Rotation,Secondary Ball Handler,Low Activity,0.3,-0.31,0.34,-0.65
2025-26,Trae Young,27,ATL,139,Starter,Shot Creator,Chaser,0.29,0.88,1.35,-0.48
2025-26,Coby White,25,CHI,153,Starter,Primary Ball Handler,Helper,0.29,0.58,1.02,-0.44
2025-26,Pat Spencer,29,GSW,187,Rotation,Shot Creator,Chaser,0.29,-0.01,0.16,-0.17
2025-26,Justin Champagnie,24,WAS,214,Rotation,Stretch Big,Helper,0.29,-0.33,-0.44,0.11
2025-26,Jose Alvarado,27,NOP,456,Key Rotation,Primary Ball Handler,Chaser,0.29,-1.42,-0.6,-0.82
2025-26,Dennis Schröder,32,SAC,525,Starter,Shot Creator,Point of Attack,0.29,-1.59,-0.58,-1.01
2025-26,Ayo Dosunmu,26,CHI,529,Key Rotation,Secondary Ball Handler,Point of Attack,0.28,-1.63,-0.56,-1.06
2025-26,Tre Mann,24,CHO,370,Rotation,Primary Ball Handler,Low Activity,0.28,-1.24,-0.6,-0.64
2025-26,Maxime Raynaud,22,SAC,221,Rotation,Post Scorer,Mobile Big,0.28,-0.46,-1.11,0.65
2025-26,Kelly Oubre Jr.,30,PHI,418,Starter,Shot Creator,Wing Stopper,0.27,-1.43,-1.32,-0.12
2025-26,Cole Anthony,25,MIL,355,Rotation,Slasher,Low Activity,0.27,-1.22,-1.34,0.11
2025-26,Bryce McGowens,23,NOP,180,Rotation,Secondary Ball Handler,Chaser,0.27,-0.03,-0.48,0.44
2025-26,Noah Clowney,21,BRK,582,Starter,Movement Shooter,Helper,0.27,-1.71,-1.05,-0.66
2025-26,Kobe Brown,26,LAC,171,Rotation,Movement Shooter,Helper,0.27,0.09,-0.32,0.42
2025-26,Nicolas Batum,37,LAC,417,Rotation,Movement Shooter,Helper,0.27,-1.41,-2.35,0.94
2025-26,Kevon Looney,29,NOP,155,Rotation,Athletic Finisher,Mobile Big,0.26,0.23,-0.66,0.9
2025-26,Luke Kennard,29,ATL,415,Rotation,Off Screen Shooter,Low Activity,0.26,-1.44,-0.95,-0.49
2025-26,Karlo Matković,24,NOP,137,Rotation,Athletic Finisher,Mobile Big,0.26,0.61,-0.34,0.96
2025-26,Jett Howard,22,ORL,157,Garbage Time,Movement Shooter,Low Activity,0.26,0.17,0.56,-0.38
2025-26,Tidjane Salaun,20,CHO,124,Rotation,Movement Shooter,Helper,0.26,0.87,-0.28,1.15
2025-26,Bobby Portis,30,MIL,499,Key Rotation,Versatile Big,Helper,0.25,-1.66,-0.78,-0.88
2025-26,Precious Achiuwa,26,SAC,312,Rotation,Athletic Finisher,Mobile Big,0.25,-1.15,-1.67,0.52
2025-26,Moussa Cisse,23,DAL,172,Rotation,Athletic Finisher,Mobile Big,0.25,-0.17,-1.38,1.21
2025-26,Yves Missi,21,NOP,326,Rotation,Athletic Finisher,Mobile Big,0.24,-1.26,-1.54,0.27
2025-26,Paul George,35,PHI,133,Key Rotation,Shot Creator,Helper,0.24,0.47,0.35,0.12
2025-26,Clint Capela,31,HOU,190,Garbage Time,Athletic Finisher,Anchor Big,0.24,-0.48,-0.29,-0.19
2025-26,Pat Connaughton,33,CHO,116,Garbage Time,Low Minute,Helper,0.23,0.76,-0.16,0.92
2025-26,Nikola Jović,22,MIA,316,Rotation,Movement Shooter,Helper,0.23,-1.28,-1.51,0.24
2025-26,Tristan Vukcevic,22,WAS,183,Rotation,Stretch Big,Mobile Big,0.23,-0.45,-0.76,0.31
2025-26,KJ Simpson,23,CHO,108,Rotation,Secondary Ball Handler,Point of Attack,0.23,0.86,0.16,0.71
2025-26,Collin Murray-Boyles,20,TOR,307,Rotation,Athletic Finisher,Helper,0.23,-1.28,-1.18,-0.1
2025-26,Adem Bona,22,PHI,244,Rotation,Athletic Finisher,Mobile Big,0.22,-1.03,-2.65,1.62
2025-26,Jaylen Clark,24,MIN,282,Garbage Time,Movement Shooter,Wing Stopper,0.22,-1.19,-1.06,-0.12
2025-26,Jeremiah Fears,19,NOP,605,Key Rotation,Slasher,Chaser,0.22,-1.88,-0.89,-0.99
2025-26,Ben Saraf,19,BRK,159,Rotation,Primary Ball Handler,Chaser,0.22,-0.27,-0.65,0.37
2025-26,Ryan Nembhard,22,DAL,175,Rotation,Primary Ball Handler,Point of Attack,0.22,-0.48,-0.21,-0.27
2025-26,Kelly Olynyk,34,SAS,123,Garbage Time,Movement Shooter,Mobile Big,0.22,0.33,0.24,0.09
2025-26,Kyle Anderson,32,UTA,117,Rotation,Low Minute,Helper,0.22,0.56,-0.24,0.8
2025-26,Malik Monk,27,SAC,467,Key Rotation,Secondary Ball Handler,Chaser,0.21,-1.73,-0.97,-0.76
2025-26,Jevon Carter,30,CHI,156,Rotation,Movement Shooter,Chaser,0.21,-0.28,-0.27,-0.01
2025-26,Gabe Vincent,29,LAL,194,Rotation,Movement Shooter,Point of Attack,0.21,-0.71,-0.76,0.05
2025-26,Trayce Jackson-Davis,25,GSW,148,Rotation,Athletic Finisher,Mobile Big,0.21,-0.19,-0.45,0.26
2025-26,Taylor Hendricks,22,UTA,157,Rotation,Movement Shooter,Helper,0.21,-0.32,-0.83,0.52
2025-26,Olivier-Maxence Prosper,23,MEM,119,Garbage Time,Low Minute,Wing Stopper,0.21,0.33,-0.41,0.75
2025-26,Tyler Kolek,24,NYK,168,Garbage Time,Low Minute,Point of Attack,0.21,-0.51,-0.62,0.11
2025-26,Larry Nance Jr.,33,CLE,240,Rotation,Movement Shooter,Mobile Big,0.2,-1.15,-1.5,0.35
2025-26,Guerschon Yabusele,30,NYK,204,Garbage Time,Movement Shooter,Mobile Big,0.2,-0.85,-1.15,0.3
2025-26,Aaron Holiday,29,HOU,218,Rotation,Movement Shooter,Point of Attack,0.2,-0.97,0.0,-0.97
2025-26,Tyler Herro,26,MIA,157,Starter,Shot Creator,Chaser,0.2,-0.38,0.09,-0.47
2025-26,Isaiah Livers,27,PHO,158,Rotation,Movement Shooter,Helper,0.2,-0.46,-0.85,0.4
2025-26,Tari Eason,24,HOU,255,Key Rotation,Movement Shooter,Helper,0.2,-1.21,-0.71,-0.5
2025-26,Dominick Barlow,22,PHI,288,Starter,Athletic Finisher,Helper,0.2,-1.37,-1.81,0.44
2025-26,Hugo González,19,BOS,187,Rotation,Movement Shooter,Wing Stopper,0.2,-0.76,-1.47,0.7
2025-26,Micah Peavy,24,NOP,298,Rotation,Movement Shooter,Point of Attack,0.2,-1.38,-0.97,-0.42
2025-26,Kobe Sanders,23,LAC,278,Rotation,Movement Shooter,Chaser,0.2,-1.31,-1.2,-0.1
2025-26,Blake Wesley,22,POR,98,Rotation,Low Minute,Chaser,0.19,0.58,-0.05,0.63
2025-26,RayJ Dennis,24,IND,168,Rotation,Primary Ball Handler,Point of Attack,0.19,-0.7,-0.34,-0.36
2025-26,Nick Richards,28,PHO,207,Garbage Time,Low Minute,Mobile Big,0.18,-1.09,-1.5,0.41
2025-26,Kris Murray,25,POR,494,Key Rotation,Movement Shooter,Helper,0.18,-1.88,-1.99,0.11
2025-26,Julian Phillips,22,CHI,183,Garbage Time,Low Minute,Helper,0.18,-0.91,-1.3,0.39
2025-26,Bronny James,21,LAL,117,Garbage Time,Low Minute,Point of Attack,0.18,0.0,-0.22,0.22
2025-26,Bradley Beal,32,LAC,121,Rotation,Secondary Ball Handler,Wing Stopper,0.18,-0.15,-0.38,0.24
2025-26,Dwight Powell,34,DAL,184,Rotation,Athletic Finisher,Mobile Big,0.18,-0.9,-1.62,0.72
2025-26,Maxi Kleber,34,LAL,105,Rotation,Low Minute,Mobile Big,0.17,0.09,-0.41,0.51
2025-26,Dalen Terry,23,CHI,107,Garbage Time,Low Minute,Chaser,0.17,0.02,-0.58,0.6
2025-26,Quenton Jackson,27,IND,101,Rotation,Primary Ball Handler,Point of Attack,0.17,0.17,0.0,0.17
2025-26,Dereck Lively II,21,DAL,115,Rotation,Low Minute,Anchor Big,0.17,-0.11,-1.03,0.92
2025-26,Cody Williams,21,UTA,141,Rotation,Movement Shooter,Point of Attack,0.17,-0.53,-1.21,0.68
2025-26,Ace Bailey,19,UTA,443,Key Rotation,Off Screen Shooter,Helper,0.17,-1.84,-0.96,-0.88
2025-26,Carter Bryant,20,SAS,125,Garbage Time,Low Minute,Helper,0.17,-0.32,-0.5,0.18
2025-26,Noah Penda,21,ORL,108,Garbage Time,Low Minute,Helper,0.17,0.04,0.15,-0.11
2025-26,Tony Bradley,28,IND,247,Rotation,Athletic Finisher,Mobile Big,0.16,-1.44,-1.0,-0.44
2025-26,Jaden Hardy,23,DAL,183,Rotation,Movement Shooter,Chaser,0.16,-1.05,-0.72,-0.33
2025-26,Ousmane Dieng,22,OKC,154,Rotation,Movement Shooter,Helper,0.16,-0.84,-0.36,-0.48
2025-26,Rayan Rupert,21,POR,117,Garbage Time,Low Minute,Chaser,0.16,-0.28,-1.03,0.74
2025-26,Nick Smith Jr.,21,LAL,96,Rotation,Low Minute,Point of Attack,0.16,0.23,0.1,0.13
2025-26,Danny Wolf,21,BRK,95,Rotation,Low Minute,Helper,0.16,0.17,-0.44,0.6
2025-26,Javon Small,23,MEM,99,Rotation,Low Minute,Chaser,0.16,0.16,-0.48,0.65
2025-26,Thomas Bryant,28,CLE,112,Garbage Time,Low Minute,Mobile Big,0.15,-0.3,-0.47,0.17
2025-26,Kevin Porter Jr.,25,MIL,100,Key Rotation,Primary Ball Handler,Point of Attack,0.15,-0.02,-0.02,0.01
2025-26,Sidy Cissoko,21,POR,304,Rotation,Movement Shooter,Helper,0.15,-1.66,-1.75,0.09
2025-26,Duop Reath,29,POR,124,Garbage Time,Low Minute,Helper,0.15,-0.47,-0.72,0.25
2025-26,Rob Dillingham,21,MIN,196,Garbage Time,Shot Creator,Low Activity,0.15,-1.24,-1.08,-0.16
2025-26,Chaz Lanier,24,DET,130,Garbage Time,Movement Shooter,Low Activity,0.15,-0.59,-0.17,-0.42
2025-26,Jalen Wilson,25,BRK,240,Rotation,Movement Shooter,Helper,0.14,-1.5,-1.19,-0.31
2025-26,Max Christie,22,DAL,677,Starter,Movement Shooter,Point of Attack,0.14,-2.12,-2.08,-0.04
2025-26,Jalen Williams,24,OKC,96,Starter,Low Minute,Helper,0.14,-0.07,0.31,-0.37
2025-26,Keon Ellis,26,SAC,351,Rotation,Movement Shooter,Point of Attack,0.14,-1.83,-2.59,0.76
2025-26,Branden Carlson,26,OKC,112,Garbage Time,Low Minute,Anchor Big,0.14,-0.42,0.03,-0.45
2025-26,Will Riley,19,WAS,115,Garbage Time,Low Minute,Helper,0.14,-0.53,-0.75,0.22
2025-26,Yang Hansen,20,POR,81,Garbage Time,Low Minute,Helper,0.14,0.31,-0.11,0.42
2025-26,Mason Plumlee,35,CHO,66,Garbage Time,Low Minute,Anchor Big,0.14,0.93,-0.19,1.12
2025-26,Caleb Martin,30,DAL,187,Garbage Time,Low Minute,Helper,0.13,-1.37,-1.99,0.62
2025-26,Patrick Williams,24,CHI,414,Key Rotation,Movement Shooter,Helper,0.13,-1.98,-1.81,-0.17
2025-26,Bones Hyland,25,MIN,119,Garbage Time,Low Minute,Point of Attack,0.13,-0.72,-0.44,-0.28
2025-26,Baylor Scheierman,25,BOS,196,Rotation,Movement Shooter,Helper,0.13,-1.42,-1.48,0.06
2025-26,Bilal Coulibaly,21,WAS,326,Starter,Secondary Ball Handler,Wing Stopper,0.13,-1.83,-2.13,0.3
2025-26,Jared McCain,21,PHI,196,Rotation,Movement Shooter,Chaser,0.13,-1.43,-0.92,-0.51
2025-26,Asa Newell,20,ATL,115,Garbage Time,Low Minute,Mobile Big,0.13,-0.65,-0.47,-0.18
2025-26,Taelon Peter,23,IND,105,Garbage Time,Low Minute,Chaser,0.13,-0.42,-0.65,0.23
2025-26,Gary Harris,31,MIL,179,Rotation,Low Minute,Point of Attack,0.13,-1.28,-1.89,0.61
2025-26,Chris Boucher,33,BOS,91,Rotation,Low Minute,Helper,0.12,-0.38,-0.88,0.5
2025-26,Jordan McLaughlin,29,SAS,74,Garbage Time,Low Minute,Point of Attack,0.12,0.24,0.19,0.05
2025-26,Garrison Mathews,29,IND,91,Rotation,Low Minute,Chaser,0.12,-0.32,-0.64,0.32
2025-26,Lindy Waters III,28,SAS,76,Garbage Time,Low Minute,Chaser,0.12,0.02,-0.03,0.05
2025-26,Luke Travers,24,CLE,82,Garbage Time,Low Minute,Helper,0.12,-0.1,-0.26,0.16
2025-26,Drew Peterson,26,CHO,53,Rotation,Low Minute,Helper,0.12,1.07,0.05,1.02
2025-26,Elijah Harkless,25,UTA,66,Garbage Time,Low Minute,Point of Attack,0.12,0.35,-0.5,0.85
2025-26,Jase Richardson,20,ORL,84,Garbage Time,Low Minute,Chaser,0.12,-0.12,0.1,-0.22
2025-26,Obi Toppin,27,IND,82,Starter,Low Minute,Mobile Big,0.11,-0.37,-0.47,0.1
2025-26,Herbert Jones,27,NOP,484,Starter,Movement Shooter,Point of Attack,0.11,-2.11,-2.2,0.09
2025-26,Gui Santos,23,GSW,110,Garbage Time,Low Minute,Helper,0.11,-0.89,-0.64,-0.26
2025-26,Jaden Ivey,23,DET,100,Garbage Time,Low Minute,Chaser,0.11,-0.67,-0.43,-0.25
2025-26,Malaki Branham,22,WAS,65,Garbage Time,Low Minute,Helper,0.11,0.19,-0.3,0.48
2025-26,Jamaree Bouyea,26,PHO,77,Rotation,Low Minute,Chaser,0.11,-0.25,-0.26,0.01
2025-26,Jabari Walker,23,PHI,254,Rotation,Stretch Big,Helper,0.11,-1.79,-1.79,0.0
2025-26,Jordan Miller,26,LAC,54,Rotation,Low Minute,Chaser,0.11,0.76,0.18,0.57
2025-26,Devin Carter,23,SAC,65,Garbage Time,Low Minute,Point of Attack,0.11,0.15,-0.64,0.79
2025-26,David Jones Garcia,24,SAS,57,Garbage Time,Low Minute,Point of Attack,0.11,0.5,0.24,0.26
2025-26,Yanic Konan Niederhäuser,22,LAC,57,Garbage Time,Low Minute,Mobile Big,0.11,0.6,-0.07,0.67
2025-26,Drew Eubanks,28,SAC,340,Rotation,Athletic Finisher,Mobile Big,0.1,-1.98,-3.3,1.32
2025-26,Xavier Tillman,27,BOS,95,Rotation,Low Minute,Mobile Big,0.1,-0.76,-0.69,-0.06
2025-26,Terrence Shannon Jr.,25,MIN,177,Garbage Time,Movement Shooter,Helper,0.1,-1.53,-1.03,-0.5
2025-26,GG Jackson,21,MEM,54,Garbage Time,Low Minute,Helper,0.1,0.35,-0.43,0.77
2025-26,Antonio Reeves,25,CHO,46,Rotation,Low Minute,Chaser,0.1,1.01,0.01,1.0
2025-26,Monté Morris,30,IND,65,Rotation,Low Minute,Point of Attack,0.09,-0.23,-0.41,0.18
2025-26,Nigel Hayes,31,PHO,138,Garbage Time,Low Minute,Helper,0.09,-1.45,-1.34,-0.11
2025-26,Matisse Thybulle,28,POR,49,Rotation,Low Minute,Chaser,0.09,0.44,-0.2,0.65
2025-26,Drake Powell,20,BRK,287,Rotation,Secondary Ball Handler,Point of Attack,0.09,-1.94,-2.11,0.17
2025-26,Brooks Barnhizer,23,OKC,112,Garbage Time,Low Minute,Helper,0.09,-1.18,-0.74,-0.44
2025-26,Taurean Prince,31,MIL,169,Key Rotation,Movement Shooter,Helper,0.08,-1.68,-1.67,-0.01
2025-26,Cody Martin,30,IND,55,Rotation,Low Minute,Chaser,0.08,-0.27,-0.65,0.38
2025-26,Jeremiah Robinson-Earl,25,IND,300,Rotation,Movement Shooter,Helper,0.08,-2.02,-1.51,-0.51
2025-26,Ariel Hukporti,23,NYK,90,Garbage Time,Low Minute,Mobile Big,0.08,-1.02,-1.43,0.41
2025-26,Bennedict Mathurin,23,IND,354,Starter,Secondary Ball Handler,Chaser,0.08,-2.1,-0.94,-1.16
2025-26,Julian Strawther,23,DEN,71,Garbage Time,Low Minute,Low Activity,0.08,-0.69,-0.41,-0.29
2025-26,Andre Jackson Jr.,24,MIL,63,Garbage Time,Low Minute,Point of Attack,0.08,-0.34,-0.59,0.25
2025-26,Ja'Kobe Walter,21,TOR,302,Rotation,Movement Shooter,Point of Attack,0.08,-2.03,-2.01,-0.02
2025-26,Keshad Johnson,24,MIA,91,Rotation,Low Minute,Helper,0.08,-1.05,-0.93,-0.12
2025-26,Jericho Sims,27,MIL,211,Rotation,Athletic Finisher,Helper,0.07,-1.92,-2.31,0.39
2025-26,Jordan Hawkins,23,NOP,280,Rotation,Off Screen Shooter,Chaser,0.07,-2.06,-1.11,-0.95
2025-26,Rasheer Fleming,21,PHO,60,Garbage Time,Low Minute,Chaser,0.07,-0.64,-0.33,-0.31
2025-26,Chris Youngblood,23,OKC,80,Garbage Time,Low Minute,Low Activity,0.07,-0.98,-0.06,-0.93
2025-26,Bismack Biyombo,33,SAS,48,Garbage Time,Low Minute,Anchor Big,0.07,-0.08,-0.28,0.2
2025-26,Amir Coffey,28,MIL,138,Garbage Time,Low Minute,Helper,0.06,-1.76,-1.65,-0.12
2025-26,Zeke Nnaji,25,DEN,102,Garbage Time,Low Minute,Helper,0.06,-1.45,-1.21,-0.24
2025-26,Ochai Agbaji,25,TOR,216,Rotation,Movement Shooter,Chaser,0.06,-2.04,-1.84,-0.2
2025-26,E.J. Liddell,25,BRK,32,Garbage Time,Low Minute,Helper,0.06,0.49,-0.23,0.72
2025-26,Tyson Etienne,26,BRK,33,Garbage Time,Low Minute,Point of Attack,0.06,0.43,-0.22,0.65
2025-26,Trey Alexander,22,NOP,33,Too Few Games,Low Minute,Helper,0.06,0.5,-0.18,0.68
2025-26,Bobi Klintman,22,DET,53,Garbage Time,Low Minute,Helper,0.06,-0.51,-0.31,-0.19
2025-26,Johnny Furphy,21,IND,53,Rotation,Low Minute,Chaser,0.06,-0.52,-0.9,0.38
2025-26,AJ Johnson,21,WAS,43,Garbage Time,Low Minute,Chaser,0.06,-0.12,-0.53,0.41
2025-26,Nique Clifford,23,SAC,291,Rotation,Secondary Ball Handler,Helper,0.06,-2.13,-2.54,0.4
2025-26,Jamison Battle,24,TOR,107,Garbage Time,Low Minute,Helper,0.06,-1.6,-1.16,-0.44
2025-26,Spencer Jones,24,DEN,255,Rotation,Movement Shooter,Helper,0.06,-2.08,-1.63,-0.45
2025-26,Nolan Traore,19,BRK,35,Garbage Time,Low Minute,Point of Attack,0.06,0.39,-0.36,0.74
2025-26,Jahmyl Telfort,24,LAC,32,Garbage Time,Low Minute,Helper,0.06,0.6,-0.05,0.65
2025-26,Eric Gordon,37,PHI,57,Rotation,Low Minute,Chaser,0.06,-0.89,-0.75,-0.14
2025-26,DeMar DeRozan,36,SAC,718,Starter,Shot Creator,Helper,0.06,-2.33,-1.14,-1.19
2025-26,Kenrich Williams,31,OKC,51,Rotation,Low Minute,Helper,0.05,-0.79,-0.04,-0.75
2025-26,Jalen Pickett,26,DEN,56,Garbage Time,Low Minute,Point of Attack,0.05,-0.93,-0.49,-0.44
2025-26,Charles Bassey,25,MEM,31,Too Few Games,Low Minute,Helper,0.05,0.29,-0.44,0.73
2025-26,Mac McClung,27,IND,34,Rotation,Low Minute,Chaser,0.05,0.04,-0.22,0.25
2025-26,Wendell Moore Jr.,24,DET,43,Garbage Time,Low Minute,Wing Stopper,0.05,-0.65,-0.58,-0.07
2025-26,Caleb Houstan,23,ATL,43,Garbage Time,Low Minute,Helper,0.05,-0.58,-0.31,-0.28
2025-26,Jamal Cain,26,ORL,31,Garbage Time,Low Minute,Point of Attack,0.05,-0.06,0.07,-0.13
2025-26,Johni Broome,23,PHI,39,Garbage Time,Low Minute,Helper,0.05,-0.6,-0.47,-0.13
2025-26,PJ Hall,23,MEM,27,Garbage Time,Low Minute,Helper,0.05,0.35,-0.41,0.77
2025-26,Justin Edwards,22,PHI,322,Rotation,Movement Shooter,Point of Attack,0.05,-2.2,-1.61,-0.6
2025-26,Jamir Watkins,24,WAS,33,Garbage Time,Low Minute,Point of Attack,0.05,-0.12,-0.55,0.43
2025-26,Khaman Maluach,19,PHO,44,Garbage Time,Low Minute,Helper,0.05,-0.53,-0.5,-0.03
2025-26,Dylan Cardwell,24,SAC,33,Rotation,Low Minute,Helper,0.05,0.15,-0.59,0.74
2025-26,Lachlan Olbrich,22,CHI,30,Garbage Time,Low Minute,Mobile Big,0.05,0.02,-0.33,0.35
2025-26,Jalen Green,23,PHO,30,Too Few Games,Low Minute,Chaser,0.04,-0.06,0.13,-0.19
2025-26,Anthony Gill,33,WAS,26,Garbage Time,Low Minute,Helper,0.04,0.03,-0.51,0.54
2025-26,Leonard Miller,22,MIN,38,Garbage Time,Low Minute,Helper,0.04,-0.74,-0.42,-0.33
2025-26,Javonte Cooke,26,POR,24,Garbage Time,Low Minute,Chaser,0.04,0.3,-0.02,0.33
2025-26,Emanuel Miller,25,CHI,21,Garbage Time,Low Minute,Mobile Big,0.04,0.19,-0.17,0.36
2025-26,Joan Beringer,19,MIN,37,Garbage Time,Low Minute,Mobile Big,0.04,-0.82,-0.53,-0.29
2025-26,Mohamed Diawara,20,NYK,40,Garbage Time,Low Minute,Chaser,0.04,-0.7,-0.94,0.24
2025-26,DeAndre Jordan,37,NOP,23,Too Few Games,Low Minute,Anchor Big,0.04,0.51,-0.11,0.62
2025-26,Dario Šarić,31,SAC,28,Garbage Time,Low Minute,Helper,0.04,0.13,-0.57,0.7
2025-26,James Wiseman,24,IND,20,Too Few Games,Low Minute,Mobile Big,0.03,-0.29,-0.49,0.2
2025-26,Jae'Sean Tate,30,HOU,80,Garbage Time,Low Minute,Helper,0.03,-1.8,-0.87,-0.93
2025-26,Ziaire Williams,24,BRK,416,Key Rotation,Movement Shooter,Chaser,0.03,-2.37,-1.84,-0.53
2025-26,Orlando Robinson,25,ORL,22,Garbage Time,Low Minute,Mobile Big,0.03,-0.11,0.11,-0.23
2025-26,JD Davison,23,HOU,59,Garbage Time,Low Minute,Point of Attack,0.03,-1.55,-0.71,-0.83
2025-26,Mark Sears,23,MIL,26,Garbage Time,Low Minute,Point of Attack,0.03,-0.32,-0.4,0.09
2025-26,Hunter Tyson,25,DEN,28,Garbage Time,Low Minute,Helper,0.03,-0.55,-0.3,-0.25
2025-26,Hunter Sallis,22,PHI,25,Garbage Time,Low Minute,Chaser,0.03,-0.68,-0.57,-0.11
2025-26,Pacôme Dadiet,20,NYK,22,Garbage Time,Low Minute,Chaser,0.03,-0.57,-0.78,0.21
2025-26,Jonathan Mogbo,24,TOR,39,Garbage Time,Low Minute,Mobile Big,0.03,-1.04,-0.73,-0.31
2025-26,Isaac Jones,25,SAC/DET,18,Garbage Time,Low Minute,Mobile Big,0.03,0.16,-0.45,0.61
2025-26,Tolu Smith,25,DET,22,Too Few Games,Low Minute,Helper,0.03,-0.35,-0.21,-0.14
2025-26,Amari Williams,24,BOS,29,Garbage Time,Low Minute,Anchor Big,0.03,-0.6,-0.62,0.03
2025-26,Adou Thiero,21,LAL,17,Garbage Time,Low Minute,Chaser,0.03,0.69,0.43,0.26
2025-26,Seth Curry,35,GSW,18,Too Few Games,Low Minute,Chaser,0.03,0.29,0.25,0.03
2025-26,Joe Ingles,38,MIN,23,Garbage Time,Low Minute,Chaser,0.03,-0.71,-0.31,-0.4
2025-26,Sharife Cooper,24,WAS,10,Garbage Time,Low Minute,Point of Attack,0.02,0.01,-0.45,0.46
2025-26,Johnny Juzang,24,MIN,22,Garbage Time,Low Minute,Chaser,0.02,-0.71,-0.29,-0.42
2025-26,Corey Kispert,26,WAS,338,Key Rotation,Movement Shooter,Chaser,0.02,-2.38,-1.25,-1.14
2025-26,Ethan Thompson,26,IND,10,Too Few Games,Low Minute,Point of Attack,0.02,-0.05,-0.32,0.27
2025-26,Harrison Ingram,23,SAS,11,Garbage Time,Low Minute,Chaser,0.02,0.4,0.27,0.13
2025-26,Ron Harper Jr.,25,BOS,15,Garbage Time,Low Minute,Helper,0.02,-0.44,-0.37,-0.07
2025-26,Jacob Toppin,25,ATL,17,Garbage Time,Low Minute,Chaser,0.02,-0.41,-0.2,-0.21
2025-26,Daeqwon Plowden,27,SAC,14,Too Few Games,Low Minute,Point of Attack,0.02,0.15,-0.45,0.6
2025-26,Chris Livingston,22,CLE,15,Too Few Games,Low Minute,Chaser,0.02,-0.25,-0.21,-0.04
2025-26,N'Faly Dante,24,ATL,15,Garbage Time,Low Minute,Helper,0.02,-0.42,-0.18,-0.24
2025-26,Riley Minix,25,SAS,8,Garbage Time,Low Minute,Mobile Big,0.02,0.47,0.34,0.14
2025-26,Jahmir Young,25,MIA,17,Garbage Time,Low Minute,Point of Attack,0.02,-0.85,-0.53,-0.32
2025-26,Miles Kelly,23,DAL,11,Too Few Games,Low Minute,Chaser,0.02,-0.27,-0.37,0.1
2025-26,Kyle Lowry,39,PHI,14,Too Few Games,Low Minute,Helper,0.02,-0.48,-0.41,-0.07
2025-26,Jeff Green,39,HOU,33,Garbage Time,Low Minute,Helper,0.02,-1.51,-0.5,-1.01
2025-26,Thanasis Antetokounmpo,33,MIL,18,Garbage Time,Low Minute,Mobile Big,0.02,-0.28,-0.52,0.24
2025-26,Hunter Dickinson,25,NOP,5,Too Few Games,Low Minute,Helper,0.01,0.55,-0.08,0.63
2025-26,Christian Koloko,25,LAL,6,Too Few Games,Low Minute,Helper,0.01,0.7,0.52,0.18
2025-26,Pete Nance,25,MIL,10,Garbage Time,Low Minute,Mobile Big,0.01,-0.24,-0.38,0.14
2025-26,Colby Jones,23,DET,7,Too Few Games,Low Minute,Point of Attack,0.01,-0.32,-0.15,-0.17
2025-26,DaRon Holmes II,23,DEN,4,Too Few Games,Low Minute,Helper,0.01,-0.45,-0.22,-0.23
2025-26,Tosan Evbuomwan,24,NYK,5,Too Few Games,Low Minute,Helper,0.01,-0.48,-0.65,0.17
2025-26,Trey Jemison III,26,NYK,10,Garbage Time,Low Minute,Helper,0.01,-0.56,-0.74,0.18
2025-26,Myron Gardner,24,MIA,9,Garbage Time,Low Minute,Chaser,0.01,-0.82,-0.53,-0.29
2025-26,Noa Essengue,19,CHI,6,Too Few Games,Low Minute,Helper,0.01,0.23,-0.08,0.31
2025-26,Koby Brea,23,PHO,8,Too Few Games,Low Minute,Helper,0.01,-0.28,-0.06,-0.22
2025-26,Jahmai Mashack,23,MEM,6,Too Few Games,Low Minute,Helper,0.01,0.39,-0.3,0.69
2025-26,Chris Mañon,24,LAL,7,Too Few Games,Low Minute,Point of Attack,0.01,0.8,0.59,0.2
2025-26,Garrett Temple,39,TOR,10,Garbage Time,Low Minute,Chaser,0.01,-1.05,-0.57,-0.48
2025-26,Doug McDermott,34,SAC,8,Too Few Games,Low Minute,Chaser,0.01,0.28,-0.4,0.68
2025-26,Svi Mykhailiuk,28,UTA,522,Starter,Movement Shooter,Point of Attack,0.0,-2.45,-1.43,-1.03
2025-26,Terance Mann,29,BRK,508,Starter,Primary Ball Handler,Point of Attack,0.0,-2.45,-1.58,-0.87
2025-26,Drew Timme,25,LAL,1,Too Few Games,Low Minute,Helper,0.0,0.8,0.61,0.19
2025-26,Trentyn Flowers,20,CHI,1,Too Few Games,Low Minute,Point of Attack,0.0,0.31,-0.01,0.32
2025-26,Isaiah Crawford,24,HOU,3,Too Few Games,Low Minute,Point of Attack,0.0,-1.4,-0.49,-0.91
2025-26,Kasparas Jakučionis,19,MIA,1,Too Few Games,Low Minute,Point of Attack,0.0,-0.74,-0.47,-0.27
2025-26,Chucky Hepburn,22,TOR,5,Too Few Games,Low Minute,Point of Attack,0.0,-0.91,-0.44,-0.47
2025-26,Curtis Jones,24,DEN,3,Too Few Games,Low Minute,Point of Attack,0.0,-0.4,-0.17,-0.22
2025-26,Cam Whitmore,21,WAS,336,Rotation,Secondary Ball Handler,Helper,-0.01,-2.5,-1.17,-1.33
2025-26,Khris Middleton,34,WAS,388,Starter,Post Scorer,Wing Stopper,-0.02,-2.55,-1.53,-1.02
2025-26,Isaac Okoro,25,CHI,373,Key Rotation,Movement Shooter,Wing Stopper,-0.08,-2.83,-2.31,-0.53
2025-26,Ben Sheppard,24,IND,549,Key Rotation,Movement Shooter,Chaser,-0.12,-2.82,-2.19,-0.63
2025-26,Gary Trent Jr.,27,MIL,642,Starter,Movement Shooter,Chaser,-0.2,-2.98,-1.82,-1.16
2025-26,Jarace Walker,22,IND,598,Key Rotation,Movement Shooter,Helper,-0.22,-3.08,-2.19,-0.89
2025-26,CJ McCollum,34,WAS,593,Starter,Primary Ball Handler,Chaser,-0.23,-3.1,-0.18,-2.92
2025-26,Zach LaVine,30,SAC,661,Starter,Secondary Ball Handler,Chaser,-0.26,-3.11,-1.19,-1.92
2025-26,Kyshawn George,22,WAS,564,Starter,Primary Ball Handler,Helper,-0.37,-3.54,-2.39,-1.15
2025-26,Tre Johnson,19,WAS,364,Key Rotation,Secondary Ball Handler,Chaser,-0.42,-4.4,-2.62,-1.78
2025-26,Bub Carrington,20,WAS,501,Key Rotation,Primary Ball Handler,Point of Attack,-0.91,-5.52,-3.74,-1.79
